#,id,user_id,product_id,quantity
1,1,86,1,3
2,2,1247,1,2
3,3,381,1,1
4,4,1535,2,6
5,5,23,3,2
6,6,109,3,9
7,7,1204,4,6
8,8,812,4,6
9,9,508,4,8
10,10,1124,5,2
11,11,938,5,2
12,12,1050,6,4
13,13,398,7,3
14,14,1688,7,9
15,15,1764,8,6
16,16,334,8,9
17,17,1953,9,5
18,18,378,9,4
19,19,703,9,3
20,20,275,10,2
21,21,1658,11,1
22,22,1402,11,2
23,23,1703,12,6
24,24,904,12,6
25,25,343,13,2
26,26,187,13,10
27,27,841,13,6
28,28,1705,14,4
29,29,111,14,10
30,30,1690,15,6
31,31,1880,15,4
32,32,61,16,10
33,33,1146,17,3
34,34,140,18,2
35,35,1537,18,10
36,36,232,18,8
37,37,151,19,2
38,38,739,20,5
39,39,1556,20,8
40,40,1335,20,6
41,41,879,21,1
42,42,1786,21,9
43,43,1777,21,1
44,44,758,22,8
45,45,1487,23,3
46,46,1148,24,5
47,47,772,25,1
48,48,1792,26,7
49,49,270,27,7
50,50,519,28,9
51,51,1723,28,5
52,52,1979,28,4
53,53,1687,29,8
54,54,1156,30,7
55,55,1738,30,2
56,56,41,30,10
57,57,1417,31,2
58,58,1030,32,6
59,59,1718,32,5
60,60,1284,33,2
61,61,1127,33,2
62,62,659,33,10
63,63,479,34,8
64,64,956,34,10
65,65,1723,35,3
66,66,1820,35,3
67,67,3,36,1
68,68,140,37,5
69,69,1702,38,7
70,70,53,39,5
71,71,886,39,3
72,72,1156,40,7
73,73,624,40,7
74,74,161,41,1
75,75,312,41,2
76,76,1042,42,4
77,77,117,42,9
78,78,1157,42,10
79,79,1682,43,9
80,80,834,43,6
81,81,116,44,5
82,82,1274,44,8
83,83,429,44,1
84,84,1691,45,6
85,85,1697,46,6
86,86,772,47,4
87,87,285,47,9
88,88,1008,47,8
89,89,1029,48,1
90,90,1940,49,1
91,91,1769,50,9
92,92,778,50,2
93,93,292,50,9
94,94,555,51,8
95,95,1864,51,3
96,96,1138,52,5
97,97,943,53,1
98,98,1999,53,9
99,99,323,53,2
100,100,1460,54,8
101,101,215,54,4
102,102,1693,54,8
103,103,773,55,6
104,104,543,55,7
105,105,1595,55,6
106,106,1898,56,2
107,107,809,56,1
108,108,716,57,8
109,109,1591,57,5
110,110,1099,58,5
111,111,1659,58,2
112,112,1569,59,6
113,113,160,59,8
114,114,51,60,5
115,115,29,60,5
116,116,1788,61,7
117,117,703,62,5
118,118,440,62,7
119,119,1886,62,3
120,120,1792,63,4
121,121,832,63,8
122,122,245,63,9
123,123,1721,64,4
124,124,893,65,5
125,125,963,65,4
126,126,1872,65,1
127,127,291,66,2
128,128,372,66,4
129,129,145,67,1
130,130,209,68,5
131,131,701,68,4
132,132,45,68,2
133,133,1807,69,2
134,134,787,69,7
135,135,760,69,5
136,136,418,70,7
137,137,162,70,9
138,138,1049,70,10
139,139,1349,71,9
140,140,1351,72,7
141,141,1454,73,10
142,142,1005,74,1
143,143,1392,75,5
144,144,1175,75,3
145,145,348,76,5
146,146,1801,76,10
147,147,1250,77,6
148,148,214,78,2
149,149,426,78,2
150,150,387,79,4
151,151,330,80,2
152,152,1012,80,5
153,153,1695,80,5
154,154,749,81,6
155,155,758,81,9
156,156,1024,81,1
157,157,443,82,3
158,158,1649,82,7
159,159,1206,82,2
160,160,424,83,2
161,161,1304,83,6
162,162,1175,84,5
163,163,440,84,2
164,164,294,84,10
165,165,1210,85,6
166,166,357,86,9
167,167,576,86,5
168,168,1163,87,7
169,169,229,87,4
170,170,887,88,8
171,171,443,89,9
172,172,165,89,2
173,173,833,90,2
174,174,680,90,7
175,175,1248,90,8
176,176,966,91,10
177,177,51,92,8
178,178,45,92,8
179,179,747,92,6
180,180,1737,93,4
181,181,568,93,5
182,182,1610,94,4
183,183,443,94,10
184,184,666,94,2
185,185,1359,95,3
186,186,828,95,6
187,187,217,96,6
188,188,1203,96,7
189,189,681,96,4
190,190,298,97,5
191,191,1164,97,6
192,192,512,98,3
193,193,40,98,10
194,194,16,98,4
195,195,1247,99,1
196,196,773,99,6
197,197,1855,100,6
198,198,1602,100,8
199,199,647,101,5
200,200,124,101,8
201,201,1848,101,6
202,202,606,102,9
203,203,1878,102,1
204,204,119,103,1
205,205,942,104,9
206,206,1326,104,2
207,207,1823,105,8
208,208,856,105,5
209,209,480,105,10
210,210,1668,106,5
211,211,1040,106,5
212,212,369,106,7
213,213,404,107,2
214,214,1681,107,5
215,215,732,107,9
216,216,1177,108,7
217,217,1176,108,6
218,218,1514,108,10
219,219,1494,109,7
220,220,604,110,6
221,221,1564,110,2
222,222,921,111,8
223,223,1653,112,8
224,224,277,112,8
225,225,870,113,1
226,226,626,114,4
227,227,1573,114,10
228,228,5,114,3
229,229,1382,115,4
230,230,615,116,2
231,231,918,117,7
232,232,1360,117,4
233,233,759,118,7
234,234,753,118,3
235,235,436,118,4
236,236,670,119,7
237,237,1799,119,1
238,238,231,119,4
239,239,869,120,3
240,240,791,121,5
241,241,1508,121,10
242,242,468,122,7
243,243,485,123,4
244,244,1632,123,7
245,245,705,123,3
246,246,123,124,7
247,247,624,125,5
248,248,1386,125,4
249,249,1364,126,7
250,250,1857,126,4
251,251,910,126,9
252,252,1478,127,10
253,253,478,127,1
254,254,1901,128,5
255,255,312,128,9
256,256,1426,128,1
257,257,1022,129,8
258,258,323,129,7
259,259,1694,129,3
260,260,300,130,2
261,261,1338,130,1
262,262,687,131,9
263,263,1168,131,2
264,264,1848,132,2
265,265,1295,133,4
266,266,1697,133,3
267,267,1345,133,3
268,268,1246,134,1
269,269,152,134,7
270,270,1185,135,7
271,271,1354,136,3
272,272,1762,137,7
273,273,1194,137,6
274,274,1381,137,7
275,275,958,138,5
276,276,1504,138,8
277,277,585,138,4
278,278,1994,139,3
279,279,556,139,4
280,280,1407,140,5
281,281,351,140,9
282,282,1487,140,9
283,283,1950,141,8
284,284,541,142,9
285,285,874,143,9
286,286,287,144,5
287,287,1328,144,2
288,288,1094,144,9
289,289,410,145,3
290,290,1341,145,2
291,291,1071,146,6
292,292,1929,146,2
293,293,1550,146,6
294,294,1973,147,1
295,295,453,148,3
296,296,336,148,4
297,297,1490,149,5
298,298,1879,150,1
299,299,1537,151,5
300,300,1481,151,2
301,301,490,152,5
302,302,337,153,7
303,303,1962,153,4
304,304,1132,153,5
305,305,372,154,8
306,306,1659,155,3
307,307,1908,155,2
308,308,82,155,9
309,309,796,156,9
310,310,862,156,5
311,311,182,156,4
312,312,1076,157,3
313,313,1257,158,3
314,314,704,159,5
315,315,765,159,7
316,316,412,159,6
317,317,747,160,5
318,318,242,161,8
319,319,1521,161,7
320,320,1214,161,6
321,321,718,162,5
322,322,945,162,1
323,323,1635,163,3
324,324,241,164,1
325,325,377,164,7
326,326,1461,164,3
327,327,500,165,6
328,328,1257,166,2
329,329,650,166,1
330,330,161,166,4
331,331,9,167,10
332,332,948,167,2
333,333,314,168,8
334,334,1121,168,10
335,335,1321,169,5
336,336,495,169,1
337,337,1252,170,8
338,338,1372,170,3
339,339,1849,171,10
340,340,1222,171,5
341,341,747,171,2
342,342,618,172,5
343,343,1016,172,4
344,344,1556,172,2
345,345,1795,173,8
346,346,294,173,9
347,347,898,174,3
348,348,1801,174,6
349,349,1771,175,9
350,350,416,175,1
351,351,938,175,9
352,352,739,176,4
353,353,1177,177,6
354,354,531,177,6
355,355,1557,178,3
356,356,844,178,1
357,357,1321,178,2
358,358,202,179,5
359,359,806,179,4
360,360,1344,180,10
361,361,1401,180,7
362,362,6,180,9
363,363,352,181,1
364,364,34,181,3
365,365,676,182,9
366,366,1755,182,8
367,367,1158,183,7
368,368,706,183,8
369,369,1646,183,4
370,370,1098,184,1
371,371,1628,185,8
372,372,1273,186,8
373,373,207,186,2
374,374,1438,186,4
375,375,768,187,4
376,376,285,187,8
377,377,1698,187,9
378,378,1767,188,2
379,379,39,188,6
380,380,982,189,2
381,381,1325,189,6
382,382,1972,190,10
383,383,276,191,8
384,384,1381,191,6
385,385,1834,192,10
386,386,122,193,6
387,387,819,193,6
388,388,1071,193,1
389,389,1073,194,8
390,390,223,194,7
391,391,953,194,9
392,392,32,195,9
393,393,1480,196,2
394,394,585,196,3
395,395,1217,196,2
396,396,1108,197,2
397,397,781,197,8
398,398,1287,197,5
399,399,1163,198,7
400,400,2,198,9
401,401,1006,199,1
402,402,201,199,2
403,403,1458,199,1
404,404,1667,200,4
405,405,502,200,2
406,406,666,201,4
407,407,1748,201,8
408,408,677,201,6
409,409,155,202,7
410,410,11,202,1
411,411,235,203,7
412,412,1763,203,7
413,413,1837,203,3
414,414,1429,204,4
415,415,1336,205,3
416,416,1725,205,5
417,417,936,205,6
418,418,1313,206,6
419,419,47,206,5
420,420,1461,207,4
421,421,631,207,6
422,422,1444,208,9
423,423,313,209,6
424,424,1443,209,9
425,425,1901,210,1
426,426,978,210,7
427,427,1327,211,8
428,428,208,211,9
429,429,1672,211,4
430,430,274,212,9
431,431,302,212,8
432,432,728,212,9
433,433,1746,213,2
434,434,56,214,3
435,435,1924,214,6
436,436,1577,214,7
437,437,261,215,2
438,438,24,215,9
439,439,646,215,4
440,440,1239,216,4
441,441,340,216,2
442,442,885,217,1
443,443,1191,218,6
444,444,1361,218,7
445,445,227,218,4
446,446,146,219,8
447,447,1175,219,5
448,448,1796,219,4
449,449,1290,220,9
450,450,1676,220,8
451,451,182,221,4
452,452,36,221,8
453,453,405,222,8
454,454,211,222,4
455,455,678,222,9
456,456,1241,223,1
457,457,236,223,6
458,458,427,224,6
459,459,1324,224,1
460,460,90,225,3
461,461,1707,225,2
462,462,893,225,3
463,463,1244,226,8
464,464,1912,227,3
465,465,1331,227,8
466,466,679,228,10
467,467,621,228,8
468,468,1917,228,7
469,469,321,229,5
470,470,575,229,8
471,471,1448,229,10
472,472,944,230,9
473,473,1989,231,9
474,474,23,231,10
475,475,1980,232,4
476,476,105,232,2
477,477,1746,232,2
478,478,1984,233,10
479,479,204,234,9
480,480,319,235,6
481,481,324,236,9
482,482,695,237,7
483,483,2,237,7
484,484,404,238,5
485,485,27,238,1
486,486,305,238,8
487,487,317,239,4
488,488,1336,240,2
489,489,905,241,3
490,490,1637,242,3
491,491,1289,242,9
492,492,889,242,4
493,493,1418,243,10
494,494,1996,244,8
495,495,1961,244,4
496,496,1200,244,4
497,497,48,245,7
498,498,1707,245,3
499,499,1103,246,6
500,500,1995,247,5
501,501,254,247,1
502,502,384,248,1
503,503,761,248,1
504,504,1073,248,1
505,505,150,249,3
506,506,622,249,10
507,507,619,250,9
508,508,482,250,1
509,509,1441,251,1
510,510,1327,252,6
511,511,1050,252,7
512,512,1307,253,4
513,513,48,253,8
514,514,872,254,9
515,515,1095,254,4
516,516,1748,254,2
517,517,1245,255,7
518,518,1536,255,9
519,519,354,255,10
520,520,1229,256,2
521,521,1210,256,7
522,522,1734,256,2
523,523,1001,257,7
524,524,114,258,9
525,525,1543,258,7
526,526,1024,258,1
527,527,649,259,8
528,528,1056,259,8
529,529,1699,260,8
530,530,151,260,4
531,531,1284,260,8
532,532,598,261,6
533,533,31,261,7
534,534,1028,261,2
535,535,687,262,9
536,536,468,263,7
537,537,792,263,6
538,538,1798,263,8
539,539,902,264,4
540,540,1532,265,5
541,541,101,265,3
542,542,1491,265,8
543,543,1342,266,9
544,544,51,266,2
545,545,128,266,3
546,546,1106,267,2
547,547,238,267,9
548,548,504,268,3
549,549,613,269,7
550,550,1432,269,8
551,551,1730,269,4
552,552,192,270,3
553,553,1520,270,2
554,554,528,270,9
555,555,1503,271,2
556,556,1502,271,3
557,557,1281,272,4
558,558,1589,272,6
559,559,507,273,3
560,560,1398,273,2
561,561,1362,273,1
562,562,1115,274,1
563,563,1495,275,7
564,564,1625,275,6
565,565,104,276,2
566,566,1159,277,2
567,567,828,277,7
568,568,1495,278,2
569,569,1525,278,3
570,570,876,279,6
571,571,16,279,2
572,572,1679,280,3
573,573,1285,280,4
574,574,377,281,7
575,575,164,281,2
576,576,968,282,7
577,577,1758,282,9
578,578,968,282,8
579,579,107,283,4
580,580,233,284,2
581,581,995,285,5
582,582,1156,285,7
583,583,369,285,2
584,584,97,286,10
585,585,948,286,7
586,586,555,287,4
587,587,24,288,5
588,588,340,289,1
589,589,1859,290,5
590,590,1409,290,7
591,591,1518,290,8
592,592,580,291,9
593,593,852,291,5
594,594,1431,291,1
595,595,1716,292,4
596,596,1633,292,1
597,597,826,292,7
598,598,312,293,7
599,599,1116,293,1
600,600,1121,294,2
601,601,596,294,7
602,602,156,294,2
603,603,232,295,7
604,604,1156,295,9
605,605,1589,295,6
606,606,1662,296,8
607,607,228,296,9
608,608,572,297,3
609,609,1869,297,4
610,610,81,298,7
611,611,1718,299,4
612,612,1160,300,9
613,613,740,300,2
614,614,710,300,9
615,615,897,301,4
616,616,101,301,10
617,617,77,302,7
618,618,1236,302,7
619,619,548,303,3
620,620,1708,303,10
621,621,365,304,7
622,622,352,304,1
623,623,1689,305,9
624,624,1211,306,8
625,625,1413,306,4
626,626,652,307,9
627,627,1311,308,4
628,628,807,308,2
629,629,1361,309,2
630,630,688,310,6
631,631,107,310,2
632,632,1226,311,5
633,633,1999,311,7
634,634,1324,312,1
635,635,1040,312,2
636,636,1748,312,9
637,637,1484,313,9
638,638,523,313,8
639,639,964,313,4
640,640,619,314,7
641,641,141,314,3
642,642,1720,314,6
643,643,1315,315,1
644,644,1051,315,9
645,645,635,315,1
646,646,906,316,6
647,647,1410,316,2
648,648,414,317,3
649,649,463,317,8
650,650,621,317,4
651,651,1232,318,8
652,652,1863,318,10
653,653,1931,318,1
654,654,1475,319,2
655,655,1670,319,1
656,656,1696,320,6
657,657,622,320,9
658,658,1325,321,1
659,659,164,321,4
660,660,885,321,9
661,661,795,322,6
662,662,1492,322,3
663,663,215,323,10
664,664,1074,323,6
665,665,106,323,2
666,666,1974,324,6
667,667,1256,324,1
668,668,998,324,3
669,669,1610,325,4
670,670,841,326,3
671,671,8,327,9
672,672,983,328,1
673,673,936,328,6
674,674,802,329,7
675,675,1626,330,10
676,676,1447,331,7
677,677,470,332,7
678,678,576,332,4
679,679,1095,333,2
680,680,863,334,9
681,681,1080,335,10
682,682,143,335,9
683,683,1539,336,4
684,684,1465,336,8
685,685,891,337,3
686,686,1278,337,2
687,687,788,337,9
688,688,45,338,7
689,689,386,338,5
690,690,1853,338,5
691,691,1543,339,4
692,692,613,339,8
693,693,168,340,1
694,694,1179,340,4
695,695,471,341,3
696,696,984,341,4
697,697,106,342,10
698,698,1990,342,10
699,699,1124,343,8
700,700,76,344,6
701,701,888,344,4
702,702,1666,344,9
703,703,1719,345,9
704,704,240,345,2
705,705,252,345,5
706,706,1098,346,9
707,707,496,346,4
708,708,965,347,9
709,709,1631,347,1
710,710,423,347,9
711,711,1576,348,1
712,712,1847,348,4
713,713,1496,349,5
714,714,1285,349,1
715,715,1896,349,2
716,716,1303,350,4
717,717,1601,350,9
718,718,330,351,7
719,719,610,351,7
720,720,504,352,8
721,721,589,352,10
722,722,422,353,9
723,723,663,354,8
724,724,472,355,4
725,725,28,355,6
726,726,1856,355,9
727,727,180,356,7
728,728,1323,356,3
729,729,1399,357,5
730,730,7,358,4
731,731,163,359,2
732,732,863,360,9
733,733,155,360,9
734,734,397,360,8
735,735,1581,361,2
736,736,904,362,8
737,737,947,363,9
738,738,904,364,3
739,739,1355,364,9
740,740,1908,364,10
741,741,1551,365,6
742,742,304,365,10
743,743,1223,366,1
744,744,1420,366,4
745,745,500,367,1
746,746,1628,367,6
747,747,1296,367,1
748,748,45,368,5
749,749,116,368,3
750,750,49,369,8
751,751,1187,369,3
752,752,1196,369,4
753,753,1865,370,10
754,754,957,370,7
755,755,1497,371,1
756,756,1933,371,7
757,757,1729,372,8
758,758,1292,372,10
759,759,1429,373,9
760,760,1005,374,7
761,761,1455,375,8
762,762,544,375,10
763,763,1544,376,9
764,764,464,377,5
765,765,354,377,2
766,766,1500,377,9
767,767,1775,378,8
768,768,275,378,10
769,769,626,378,7
770,770,1299,379,8
771,771,1497,379,7
772,772,358,380,1
773,773,1854,380,8
774,774,1544,381,7
775,775,1101,381,10
776,776,993,382,9
777,777,853,382,4
778,778,1408,382,9
779,779,1866,383,10
780,780,1945,384,7
781,781,505,385,4
782,782,59,385,9
783,783,952,386,9
784,784,255,386,2
785,785,844,387,9
786,786,439,388,5
787,787,1734,388,1
788,788,1876,389,6
789,789,226,389,7
790,790,398,390,2
791,791,298,390,4
792,792,884,391,10
793,793,1652,392,3
794,794,1630,392,8
795,795,1323,392,6
796,796,516,393,5
797,797,1367,394,10
798,798,798,395,6
799,799,1327,396,8
800,800,849,396,10
801,801,1498,397,9
802,802,1838,398,2
803,803,1257,398,6
804,804,174,399,10
805,805,162,400,8
806,806,301,400,6
807,807,504,400,4
808,808,1833,401,1
809,809,1094,401,5
810,810,91,402,5
811,811,1997,402,7
812,812,583,403,6
813,813,40,403,8
814,814,373,404,4
815,815,848,405,1
816,816,1157,405,6
817,817,1443,406,4
818,818,213,407,9
819,819,950,407,6
820,820,1351,408,1
821,821,864,409,5
822,822,11,410,4
823,823,153,410,5
824,824,518,410,2
825,825,786,411,8
826,826,1195,411,4
827,827,175,412,4
828,828,88,413,1
829,829,959,413,1
830,830,1370,413,3
831,831,992,414,7
832,832,280,414,2
833,833,1196,415,10
834,834,663,415,10
835,835,975,416,1
836,836,1507,416,5
837,837,1500,417,4
838,838,431,417,6
839,839,789,418,9
840,840,1470,419,10
841,841,292,420,5
842,842,530,421,7
843,843,1602,422,5
844,844,557,423,9
845,845,860,423,5
846,846,1889,423,6
847,847,1095,424,9
848,848,1680,424,7
849,849,316,424,1
850,850,1981,425,5
851,851,1660,426,4
852,852,1401,427,8
853,853,1683,427,3
854,854,1340,428,10
855,855,12,428,1
856,856,1575,429,4
857,857,1828,429,2
858,858,369,430,5
859,859,1922,430,8
860,860,1713,430,7
861,861,1331,431,2
862,862,921,432,9
863,863,1913,432,5
864,864,1116,432,4
865,865,1988,433,9
866,866,1762,433,6
867,867,806,433,4
868,868,1199,434,5
869,869,463,435,10
870,870,589,435,5
871,871,1901,435,3
872,872,1626,436,6
873,873,5,436,10
874,874,1916,436,7
875,875,1346,437,3
876,876,626,438,10
877,877,1789,438,6
878,878,31,439,1
879,879,139,439,5
880,880,1047,440,8
881,881,146,441,7
882,882,668,441,4
883,883,1222,441,8
884,884,27,442,6
885,885,450,442,10
886,886,379,442,2
887,887,87,443,6
888,888,1959,443,2
889,889,854,444,8
890,890,1967,445,5
891,891,611,445,5
892,892,417,445,8
893,893,139,446,7
894,894,1023,447,7
895,895,783,447,6
896,896,1696,447,5
897,897,1627,448,1
898,898,1863,448,6
899,899,276,449,3
900,900,201,449,7
901,901,1929,449,6
902,902,1107,450,10
903,903,1318,450,4
904,904,1911,451,9
905,905,1724,451,2
906,906,1070,452,8
907,907,109,453,3
908,908,1202,454,6
909,909,846,455,5
910,910,1462,456,10
911,911,514,456,7
912,912,24,457,10
913,913,643,458,6
914,914,265,458,3
915,915,380,458,10
916,916,232,459,10
917,917,1152,460,2
918,918,1586,460,9
919,919,1686,460,3
920,920,1337,461,9
921,921,597,461,9
922,922,936,461,2
923,923,721,462,10
924,924,796,462,1
925,925,1525,463,2
926,926,424,464,5
927,927,112,464,6
928,928,1874,464,3
929,929,1853,465,2
930,930,1286,465,9
931,931,395,465,10
932,932,85,466,6
933,933,157,467,6
934,934,778,467,1
935,935,828,467,2
936,936,1100,468,7
937,937,1748,469,2
938,938,141,470,5
939,939,160,470,10
940,940,1866,471,10
941,941,234,471,2
942,942,869,472,2
943,943,263,472,3
944,944,588,473,8
945,945,1876,473,4
946,946,1332,473,1
947,947,1312,474,6
948,948,349,474,5
949,949,621,475,4
950,950,711,476,3
951,951,81,476,6
952,952,1138,477,1
953,953,667,477,7
954,954,1137,478,4
955,955,1179,479,3
956,956,1527,479,6
957,957,1172,480,3
958,958,1136,480,8
959,959,332,480,4
960,960,1912,481,7
961,961,1298,482,9
962,962,1094,483,5
963,963,1700,483,6
964,964,1861,484,3
965,965,1550,485,10
966,966,938,485,9
967,967,1691,485,8
968,968,1062,486,5
969,969,642,487,6
970,970,1683,487,8
971,971,1836,487,7
972,972,1925,488,4
973,973,1747,489,8
974,974,1455,489,4
975,975,799,490,4
976,976,1349,490,8
977,977,1263,491,10
978,978,957,491,8
979,979,1571,492,10
980,980,712,493,8
981,981,1172,494,3
982,982,429,495,6
983,983,419,495,9
984,984,981,496,1
985,985,455,497,4
986,986,1751,498,9
987,987,26,498,6
988,988,285,499,3
989,989,45,499,3
990,990,1421,499,2
991,991,1816,500,3
992,992,208,500,2
993,993,901,500,3
994,994,1133,501,1
995,995,1155,501,7
996,996,615,501,7
997,997,345,502,2
998,998,1909,503,3
999,999,387,504,8
1000,1000,1928,505,9
1001,1001,1864,505,2
1002,1002,480,505,7
1003,1003,256,506,9
1004,1004,21,507,4
1005,1005,816,508,2
1006,1006,1021,509,3
1007,1007,862,509,3
1008,1008,24,510,6
1009,1009,5,510,7
1010,1010,794,511,8
1011,1011,1082,511,8
1012,1012,1773,511,9
1013,1013,1673,512,2
1014,1014,1846,512,1
1015,1015,1097,512,2
1016,1016,1290,513,7
1017,1017,535,513,10
1018,1018,1208,513,3
1019,1019,587,514,3
1020,1020,955,515,1
1021,1021,153,515,6
1022,1022,1158,516,5
1023,1023,894,516,4
1024,1024,1095,517,2
1025,1025,1425,517,4
1026,1026,649,518,2
1027,1027,514,519,7
1028,1028,329,519,2
1029,1029,200,519,10
1030,1030,1271,520,3
1031,1031,1138,520,5
1032,1032,494,521,9
1033,1033,1036,522,9
1034,1034,1309,522,9
1035,1035,1270,522,10
1036,1036,128,523,3
1037,1037,39,523,3
1038,1038,191,524,8
1039,1039,1558,524,6
1040,1040,1429,525,1
1041,1041,943,525,2
1042,1042,311,526,4
1043,1043,1450,527,9
1044,1044,1871,528,8
1045,1045,555,529,4
1046,1046,1874,529,8
1047,1047,178,530,7
1048,1048,622,531,4
1049,1049,309,531,10
1050,1050,995,531,1
1051,1051,1092,532,6
1052,1052,474,532,5
1053,1053,599,532,8
1054,1054,1248,533,7
1055,1055,1598,533,3
1056,1056,1375,533,1
1057,1057,752,534,10
1058,1058,1712,534,8
1059,1059,144,535,3
1060,1060,1678,535,3
1061,1061,1772,535,4
1062,1062,351,536,9
1063,1063,567,536,9
1064,1064,1201,536,8
1065,1065,1859,537,1
1066,1066,1626,537,4
1067,1067,1377,538,5
1068,1068,694,539,2
1069,1069,392,539,1
1070,1070,873,540,4
1071,1071,1580,540,3
1072,1072,1464,541,7
1073,1073,817,541,1
1074,1074,1454,541,8
1075,1075,1645,542,4
1076,1076,1161,542,6
1077,1077,1703,543,9
1078,1078,422,544,3
1079,1079,1457,545,6
1080,1080,479,545,10
1081,1081,1869,545,1
1082,1082,966,546,1
1083,1083,290,546,1
1084,1084,1453,547,6
1085,1085,250,547,10
1086,1086,1775,547,8
1087,1087,1789,548,4
1088,1088,516,548,9
1089,1089,508,549,2
1090,1090,1459,550,2
1091,1091,183,551,1
1092,1092,566,551,3
1093,1093,1823,551,10
1094,1094,168,552,3
1095,1095,378,552,4
1096,1096,886,553,7
1097,1097,1493,553,7
1098,1098,1626,554,10
1099,1099,1126,554,6
1100,1100,1381,555,1
1101,1101,1857,556,2
1102,1102,161,556,4
1103,1103,1656,556,8
1104,1104,1622,557,9
1105,1105,1323,557,5
1106,1106,1260,558,6
1107,1107,134,558,2
1108,1108,1515,559,4
1109,1109,46,559,3
1110,1110,1811,560,9
1111,1111,821,560,5
1112,1112,1447,561,4
1113,1113,555,562,1
1114,1114,1871,563,8
1115,1115,1716,563,3
1116,1116,647,564,3
1117,1117,1115,564,9
1118,1118,820,565,9
1119,1119,1802,565,5
1120,1120,458,565,6
1121,1121,1972,566,3
1122,1122,1798,566,1
1123,1123,1217,566,6
1124,1124,1780,567,6
1125,1125,211,568,6
1126,1126,369,569,5
1127,1127,989,569,10
1128,1128,1044,570,4
1129,1129,1438,571,10
1130,1130,1618,572,6
1131,1131,618,573,10
1132,1132,1453,574,7
1133,1133,889,575,9
1134,1134,264,575,10
1135,1135,794,575,4
1136,1136,127,576,2
1137,1137,99,577,8
1138,1138,1912,577,2
1139,1139,633,578,3
1140,1140,1738,578,5
1141,1141,1412,578,2
1142,1142,856,579,9
1143,1143,1653,580,4
1144,1144,1233,581,6
1145,1145,1824,581,5
1146,1146,1317,582,2
1147,1147,1538,582,4
1148,1148,184,583,4
1149,1149,735,583,8
1150,1150,1221,583,7
1151,1151,1348,584,4
1152,1152,883,584,9
1153,1153,1078,584,2
1154,1154,1588,585,1
1155,1155,1112,585,8
1156,1156,1893,585,5
1157,1157,560,586,8
1158,1158,642,586,4
1159,1159,1132,586,1
1160,1160,1685,587,9
1161,1161,748,588,3
1162,1162,989,589,9
1163,1163,6,589,1
1164,1164,1705,590,1
1165,1165,614,591,8
1166,1166,839,592,3
1167,1167,1188,592,10
1168,1168,1709,593,3
1169,1169,630,593,2
1170,1170,1781,594,1
1171,1171,1308,595,2
1172,1172,729,595,10
1173,1173,826,595,3
1174,1174,575,596,3
1175,1175,466,597,10
1176,1176,1322,598,2
1177,1177,450,598,10
1178,1178,1710,599,2
1179,1179,1729,599,1
1180,1180,195,600,1
1181,1181,1792,600,3
1182,1182,1337,601,5
1183,1183,1287,601,2
1184,1184,394,602,3
1185,1185,723,602,7
1186,1186,272,603,9
1187,1187,1576,603,4
1188,1188,308,603,1
1189,1189,1598,604,1
1190,1190,1281,604,7
1191,1191,175,605,6
1192,1192,431,605,7
1193,1193,1869,605,8
1194,1194,1514,606,9
1195,1195,981,606,9
1196,1196,1495,607,1
1197,1197,1181,607,5
1198,1198,1318,607,9
1199,1199,1724,608,9
1200,1200,446,608,3
1201,1201,443,608,2
1202,1202,701,609,9
1203,1203,121,610,1
1204,1204,1277,610,6
1205,1205,1226,610,2
1206,1206,221,611,3
1207,1207,857,611,4
1208,1208,891,612,9
1209,1209,1581,612,4
1210,1210,1926,612,5
1211,1211,785,613,4
1212,1212,1463,614,1
1213,1213,989,614,1
1214,1214,546,615,3
1215,1215,1109,616,1
1216,1216,1607,616,4
1217,1217,206,616,2
1218,1218,1962,617,2
1219,1219,786,617,1
1220,1220,449,618,8
1221,1221,1326,618,3
1222,1222,283,619,5
1223,1223,1708,619,9
1224,1224,1137,619,8
1225,1225,1360,620,6
1226,1226,1012,620,4
1227,1227,957,621,10
1228,1228,644,621,7
1229,1229,499,622,6
1230,1230,1330,622,4
1231,1231,1603,622,4
1232,1232,1350,623,8
1233,1233,446,623,4
1234,1234,629,623,8
1235,1235,1519,624,10
1236,1236,104,624,10
1237,1237,1725,625,3
1238,1238,1071,625,8
1239,1239,1676,626,7
1240,1240,1058,626,1
1241,1241,1411,626,9
1242,1242,1075,627,2
1243,1243,1028,627,2
1244,1244,549,627,1
1245,1245,1959,628,8
1246,1246,692,629,9
1247,1247,680,630,5
1248,1248,1228,630,2
1249,1249,1990,630,5
1250,1250,617,631,8
1251,1251,212,631,8
1252,1252,148,631,3
1253,1253,480,632,4
1254,1254,1935,632,9
1255,1255,1483,633,4
1256,1256,889,633,4
1257,1257,1314,633,8
1258,1258,178,634,10
1259,1259,654,634,7
1260,1260,1209,635,5
1261,1261,12,636,3
1262,1262,303,636,7
1263,1263,1707,636,4
1264,1264,1327,637,9
1265,1265,1010,637,6
1266,1266,523,638,10
1267,1267,402,638,10
1268,1268,48,638,4
1269,1269,443,639,1
1270,1270,415,639,3
1271,1271,814,639,2
1272,1272,1769,640,6
1273,1273,1056,641,4
1274,1274,1863,641,7
1275,1275,472,641,6
1276,1276,1158,642,6
1277,1277,1981,643,6
1278,1278,646,643,5
1279,1279,703,643,7
1280,1280,377,644,3
1281,1281,121,644,8
1282,1282,1485,644,9
1283,1283,1376,645,5
1284,1284,959,646,9
1285,1285,1091,646,8
1286,1286,238,646,2
1287,1287,1587,647,6
1288,1288,275,648,4
1289,1289,1311,648,6
1290,1290,971,648,2
1291,1291,1826,649,8
1292,1292,1047,649,3
1293,1293,1737,650,7
1294,1294,799,650,6
1295,1295,942,651,8
1296,1296,764,651,1
1297,1297,1963,651,8
1298,1298,908,652,2
1299,1299,772,653,5
1300,1300,11,654,10
1301,1301,1017,655,6
1302,1302,1422,655,6
1303,1303,1078,656,9
1304,1304,1608,657,6
1305,1305,439,657,8
1306,1306,1938,658,10
1307,1307,808,658,7
1308,1308,972,659,5
1309,1309,1258,659,9
1310,1310,298,660,10
1311,1311,1502,660,7
1312,1312,1056,660,1
1313,1313,1301,661,9
1314,1314,970,662,1
1315,1315,1596,663,4
1316,1316,926,664,3
1317,1317,907,664,4
1318,1318,473,664,1
1319,1319,1508,665,6
1320,1320,1095,666,6
1321,1321,1150,667,7
1322,1322,1905,667,1
1323,1323,167,667,9
1324,1324,1730,668,5
1325,1325,349,668,7
1326,1326,1773,668,5
1327,1327,1501,669,5
1328,1328,1703,669,5
1329,1329,1500,670,3
1330,1330,1728,670,10
1331,1331,1789,671,1
1332,1332,1180,671,10
1333,1333,870,671,3
1334,1334,1885,672,6
1335,1335,363,672,9
1336,1336,1110,672,6
1337,1337,1230,673,5
1338,1338,1803,673,3
1339,1339,947,673,7
1340,1340,727,674,9
1341,1341,510,675,7
1342,1342,1704,675,4
1343,1343,1051,676,4
1344,1344,1711,676,10
1345,1345,83,677,3
1346,1346,399,678,10
1347,1347,1366,678,10
1348,1348,1634,678,3
1349,1349,1948,679,8
1350,1350,64,679,1
1351,1351,735,679,8
1352,1352,634,680,10
1353,1353,1613,680,6
1354,1354,1101,681,3
1355,1355,390,681,9
1356,1356,636,682,8
1357,1357,698,682,4
1358,1358,1909,683,10
1359,1359,976,684,7
1360,1360,1118,684,7
1361,1361,1683,684,1
1362,1362,51,685,5
1363,1363,681,685,3
1364,1364,1710,686,6
1365,1365,1855,686,2
1366,1366,438,687,1
1367,1367,1168,687,5
1368,1368,1692,688,6
1369,1369,1297,688,10
1370,1370,1080,688,9
1371,1371,1395,689,10
1372,1372,16,689,6
1373,1373,862,689,6
1374,1374,397,690,8
1375,1375,1198,691,8
1376,1376,1568,691,7
1377,1377,983,691,9
1378,1378,1253,692,1
1379,1379,469,692,9
1380,1380,1123,693,1
1381,1381,1341,693,9
1382,1382,831,694,4
1383,1383,1360,694,7
1384,1384,1329,694,10
1385,1385,1020,695,6
1386,1386,826,696,1
1387,1387,1171,696,9
1388,1388,637,697,3
1389,1389,1444,698,4
1390,1390,767,699,6
1391,1391,821,699,10
1392,1392,1572,699,8
1393,1393,842,700,9
1394,1394,1213,700,8
1395,1395,1781,701,10
1396,1396,1345,701,10
1397,1397,1273,701,10
1398,1398,128,702,9
1399,1399,861,703,1
1400,1400,639,703,4
1401,1401,910,704,5
1402,1402,1561,704,1
1403,1403,1840,704,5
1404,1404,238,705,10
1405,1405,921,706,3
1406,1406,1473,706,9
1407,1407,1708,706,2
1408,1408,1921,707,7
1409,1409,956,708,9
1410,1410,1938,709,10
1411,1411,1206,709,2
1412,1412,395,709,4
1413,1413,1200,710,9
1414,1414,956,711,3
1415,1415,1929,712,10
1416,1416,1342,712,7
1417,1417,1800,713,2
1418,1418,1720,713,6
1419,1419,1977,714,4
1420,1420,1519,715,8
1421,1421,1661,715,6
1422,1422,571,716,7
1423,1423,1109,716,4
1424,1424,747,717,4
1425,1425,1650,717,4
1426,1426,924,717,5
1427,1427,1274,718,10
1428,1428,918,718,1
1429,1429,553,719,10
1430,1430,1025,719,6
1431,1431,1608,720,10
1432,1432,1516,721,3
1433,1433,554,721,4
1434,1434,439,722,1
1435,1435,314,723,9
1436,1436,986,723,9
1437,1437,1703,723,9
1438,1438,1368,724,8
1439,1439,1983,724,4
1440,1440,521,725,3
1441,1441,483,725,6
1442,1442,1421,726,9
1443,1443,602,726,5
1444,1444,1375,726,10
1445,1445,922,727,7
1446,1446,1050,727,9
1447,1447,398,727,7
1448,1448,1533,728,2
1449,1449,490,729,3
1450,1450,1266,729,7
1451,1451,91,729,6
1452,1452,716,730,8
1453,1453,121,730,8
1454,1454,623,731,2
1455,1455,1378,732,5
1456,1456,729,732,4
1457,1457,1848,732,7
1458,1458,1282,733,6
1459,1459,1744,733,10
1460,1460,1276,734,6
1461,1461,1630,734,1
1462,1462,13,734,4
1463,1463,1903,735,5
1464,1464,1533,735,3
1465,1465,492,736,2
1466,1466,655,737,6
1467,1467,114,737,2
1468,1468,887,738,7
1469,1469,1377,738,9
1470,1470,1288,739,3
1471,1471,1229,739,5
1472,1472,1127,740,4
1473,1473,1505,740,2
1474,1474,299,741,9
1475,1475,866,741,1
1476,1476,1826,741,4
1477,1477,381,742,7
1478,1478,1165,743,8
1479,1479,947,744,6
1480,1480,694,744,3
1481,1481,1060,745,3
1482,1482,894,745,6
1483,1483,417,745,6
1484,1484,324,746,4
1485,1485,724,746,8
1486,1486,661,746,4
1487,1487,12,747,8
1488,1488,1829,747,8
1489,1489,256,748,6
1490,1490,1225,749,3
1491,1491,1890,750,6
1492,1492,104,751,4
1493,1493,1449,751,9
1494,1494,61,752,9
1495,1495,582,752,7
1496,1496,1011,752,6
1497,1497,1620,753,2
1498,1498,669,754,1
1499,1499,1977,754,8
1500,1500,1425,754,10
1501,1501,554,755,6
1502,1502,796,755,2
1503,1503,1005,756,1
1504,1504,1108,756,7
1505,1505,109,756,2
1506,1506,646,757,1
1507,1507,1952,757,10
1508,1508,445,758,10
1509,1509,56,758,5
1510,1510,1121,759,8
1511,1511,616,759,7
1512,1512,64,760,4
1513,1513,1138,760,6
1514,1514,1515,761,4
1515,1515,1785,762,1
1516,1516,359,762,6
1517,1517,747,762,5
1518,1518,1453,763,6
1519,1519,1612,763,9
1520,1520,696,763,7
1521,1521,197,764,4
1522,1522,9,765,3
1523,1523,1222,766,2
1524,1524,1223,767,1
1525,1525,850,767,7
1526,1526,1626,768,5
1527,1527,1895,769,7
1528,1528,1926,770,3
1529,1529,1531,770,9
1530,1530,885,771,8
1531,1531,1114,771,6
1532,1532,1295,771,4
1533,1533,163,772,4
1534,1534,363,772,3
1535,1535,1404,773,10
1536,1536,1955,773,10
1537,1537,1815,774,6
1538,1538,1047,775,10
1539,1539,895,775,3
1540,1540,1108,775,8
1541,1541,1224,776,10
1542,1542,535,776,7
1543,1543,639,777,10
1544,1544,212,777,2
1545,1545,34,778,10
1546,1546,1068,778,8
1547,1547,1798,778,10
1548,1548,1947,779,3
1549,1549,1064,780,9
1550,1550,518,780,7
1551,1551,1230,781,8
1552,1552,26,781,9
1553,1553,1296,782,3
1554,1554,41,783,1
1555,1555,835,783,3
1556,1556,832,783,4
1557,1557,523,784,10
1558,1558,486,784,8
1559,1559,486,785,1
1560,1560,161,785,9
1561,1561,1675,785,3
1562,1562,1925,786,3
1563,1563,70,786,3
1564,1564,949,787,10
1565,1565,1920,788,5
1566,1566,963,788,6
1567,1567,1550,788,7
1568,1568,998,789,9
1569,1569,1079,789,6
1570,1570,528,789,2
1571,1571,774,790,5
1572,1572,87,790,4
1573,1573,604,791,8
1574,1574,274,791,10
1575,1575,987,791,10
1576,1576,1659,792,9
1577,1577,519,792,10
1578,1578,1801,793,7
1579,1579,1672,793,2
1580,1580,1650,793,7
1581,1581,1693,794,2
1582,1582,1296,794,5
1583,1583,282,795,2
1584,1584,1157,796,10
1585,1585,716,796,5
1586,1586,1392,796,10
1587,1587,1769,797,3
1588,1588,935,798,6
1589,1589,480,798,7
1590,1590,1340,799,3
1591,1591,1008,800,7
1592,1592,860,800,5
1593,1593,40,801,6
1594,1594,1232,801,6
1595,1595,655,801,9
1596,1596,1581,802,10
1597,1597,417,802,10
1598,1598,1456,802,4
1599,1599,370,803,2
1600,1600,1000,804,2
1601,1601,1900,804,10
1602,1602,481,805,3
1603,1603,730,805,1
1604,1604,1227,805,5
1605,1605,1414,806,7
1606,1606,773,806,1
1607,1607,1876,806,2
1608,1608,156,807,10
1609,1609,1663,807,5
1610,1610,1959,808,1
1611,1611,1570,808,6
1612,1612,1215,808,4
1613,1613,935,809,8
1614,1614,353,810,1
1615,1615,1668,811,9
1616,1616,450,811,7
1617,1617,962,811,3
1618,1618,1992,812,6
1619,1619,642,812,10
1620,1620,390,812,2
1621,1621,385,813,1
1622,1622,659,813,2
1623,1623,1621,813,7
1624,1624,1458,814,10
1625,1625,679,814,10
1626,1626,1338,815,1
1627,1627,1422,816,6
1628,1628,67,816,1
1629,1629,144,817,4
1630,1630,586,817,7
1631,1631,530,817,3
1632,1632,1183,818,3
1633,1633,607,818,1
1634,1634,846,819,2
1635,1635,1070,820,8
1636,1636,1820,820,6
1637,1637,529,821,10
1638,1638,854,822,3
1639,1639,331,822,9
1640,1640,1634,822,7
1641,1641,1356,823,6
1642,1642,1676,824,8
1643,1643,1589,825,1
1644,1644,1280,825,4
1645,1645,418,825,8
1646,1646,936,826,1
1647,1647,377,826,9
1648,1648,1336,826,4
1649,1649,842,827,7
1650,1650,1167,827,5
1651,1651,74,828,4
1652,1652,895,829,9
1653,1653,212,829,8
1654,1654,1426,830,5
1655,1655,135,830,10
1656,1656,1041,831,8
1657,1657,295,832,6
1658,1658,1344,832,4
1659,1659,836,833,7
1660,1660,402,833,9
1661,1661,607,834,3
1662,1662,854,834,9
1663,1663,4,834,3
1664,1664,73,835,2
1665,1665,767,835,6
1666,1666,47,835,9
1667,1667,1215,836,4
1668,1668,640,837,8
1669,1669,500,838,6
1670,1670,758,838,10
1671,1671,868,839,3
1672,1672,249,839,5
1673,1673,1317,839,9
1674,1674,1214,840,5
1675,1675,919,840,9
1676,1676,1982,840,7
1677,1677,1095,841,3
1678,1678,1343,841,8
1679,1679,1464,841,8
1680,1680,55,842,10
1681,1681,635,842,3
1682,1682,1098,842,1
1683,1683,1691,843,1
1684,1684,549,843,9
1685,1685,55,843,3
1686,1686,491,844,2
1687,1687,270,845,10
1688,1688,802,846,2
1689,1689,1380,846,6
1690,1690,210,847,6
1691,1691,558,848,7
1692,1692,1987,848,5
1693,1693,625,848,7
1694,1694,1925,849,3
1695,1695,1271,849,9
1696,1696,242,849,3
1697,1697,540,850,2
1698,1698,1430,850,1
1699,1699,1434,851,7
1700,1700,1459,852,3
1701,1701,255,852,3
1702,1702,612,853,3
1703,1703,1378,854,3
1704,1704,597,854,2
1705,1705,1442,854,9
1706,1706,1544,855,7
1707,1707,1788,856,7
1708,1708,1211,857,7
1709,1709,1312,857,4
1710,1710,1994,857,10
1711,1711,1438,858,10
1712,1712,974,859,6
1713,1713,1758,859,6
1714,1714,1631,860,4
1715,1715,835,860,1
1716,1716,1063,861,2
1717,1717,952,862,8
1718,1718,1563,863,3
1719,1719,754,863,8
1720,1720,183,863,1
1721,1721,1081,864,4
1722,1722,661,864,1
1723,1723,1891,864,3
1724,1724,987,865,6
1725,1725,552,866,6
1726,1726,873,867,8
1727,1727,236,868,1
1728,1728,1147,869,2
1729,1729,1892,870,8
1730,1730,1151,870,7
1731,1731,1056,871,5
1732,1732,738,871,2
1733,1733,1476,871,5
1734,1734,994,872,9
1735,1735,1303,872,3
1736,1736,1762,873,5
1737,1737,1657,873,6
1738,1738,31,874,7
1739,1739,184,874,4
1740,1740,530,874,6
1741,1741,906,875,3
1742,1742,1794,875,6
1743,1743,1429,876,2
1744,1744,1770,876,2
1745,1745,1307,877,9
1746,1746,449,877,6
1747,1747,397,877,2
1748,1748,291,878,9
1749,1749,158,878,4
1750,1750,366,879,7
1751,1751,76,879,10
1752,1752,1947,880,7
1753,1753,1779,880,2
1754,1754,397,880,7
1755,1755,973,881,3
1756,1756,720,882,8
1757,1757,1818,883,9
1758,1758,1668,883,1
1759,1759,1605,884,10
1760,1760,1421,884,10
1761,1761,973,885,5
1762,1762,1912,886,1
1763,1763,545,886,2
1764,1764,1831,886,5
1765,1765,485,887,1
1766,1766,1583,887,9
1767,1767,604,887,2
1768,1768,1317,888,9
1769,1769,1022,888,8
1770,1770,1354,889,9
1771,1771,868,889,4
1772,1772,1444,889,7
1773,1773,1918,890,4
1774,1774,1362,890,2
1775,1775,1901,890,6
1776,1776,42,891,4
1777,1777,851,891,5
1778,1778,249,892,5
1779,1779,37,893,6
1780,1780,2,894,2
1781,1781,1134,894,8
1782,1782,1434,894,1
1783,1783,922,895,7
1784,1784,1764,896,7
1785,1785,1284,897,3
1786,1786,1171,897,9
1787,1787,1888,898,7
1788,1788,797,898,8
1789,1789,1044,899,8
1790,1790,467,899,2
1791,1791,490,899,4
1792,1792,645,900,10
1793,1793,259,900,10
1794,1794,39,900,2
1795,1795,1675,901,10
1796,1796,1106,902,3
1797,1797,983,903,9
1798,1798,1617,904,9
1799,1799,1940,904,8
1800,1800,1012,905,2
1801,1801,1674,906,5
1802,1802,876,906,7
1803,1803,982,906,3
1804,1804,640,907,10
1805,1805,753,907,9
1806,1806,1496,908,7
1807,1807,263,908,9
1808,1808,867,909,2
1809,1809,748,909,4
1810,1810,1284,909,5
1811,1811,554,910,6
1812,1812,170,911,1
1813,1813,976,911,6
1814,1814,708,911,10
1815,1815,165,912,5
1816,1816,285,913,7
1817,1817,367,913,8
1818,1818,1631,913,4
1819,1819,999,914,7
1820,1820,1490,914,6
1821,1821,603,915,8
1822,1822,73,915,8
1823,1823,1213,915,8
1824,1824,1779,916,2
1825,1825,1521,916,3
1826,1826,632,917,2
1827,1827,700,917,4
1828,1828,1901,918,9
1829,1829,1910,918,9
1830,1830,1099,918,5
1831,1831,443,919,9
1832,1832,1194,920,2
1833,1833,1689,921,9
1834,1834,767,921,4
1835,1835,909,922,3
1836,1836,139,923,6
1837,1837,1519,923,2
1838,1838,257,924,6
1839,1839,740,925,10
1840,1840,256,925,3
1841,1841,1019,926,7
1842,1842,1678,926,9
1843,1843,810,926,5
1844,1844,1405,927,8
1845,1845,1834,927,5
1846,1846,1561,927,4
1847,1847,1300,928,3
1848,1848,642,928,9
1849,1849,96,928,2
1850,1850,1564,929,7
1851,1851,729,930,3
1852,1852,1294,930,1
1853,1853,1117,931,3
1854,1854,1985,932,9
1855,1855,954,933,9
1856,1856,1659,933,7
1857,1857,1451,933,2
1858,1858,793,934,1
1859,1859,1990,935,9
1860,1860,312,935,9
1861,1861,1183,936,6
1862,1862,978,936,9
1863,1863,595,936,6
1864,1864,593,937,6
1865,1865,1833,937,5
1866,1866,1887,938,4
1867,1867,1271,938,8
1868,1868,833,939,9
1869,1869,1712,939,6
1870,1870,910,940,3
1871,1871,256,941,7
1872,1872,525,941,4
1873,1873,1068,941,2
1874,1874,609,942,7
1875,1875,395,943,7
1876,1876,688,943,5
1877,1877,1084,943,6
1878,1878,1101,944,1
1879,1879,540,944,7
1880,1880,1118,944,9
1881,1881,1084,945,9
1882,1882,1723,946,4
1883,1883,1989,947,8
1884,1884,1920,948,10
1885,1885,1080,948,10
1886,1886,1718,948,9
1887,1887,623,949,6
1888,1888,181,950,10
1889,1889,1211,950,8
1890,1890,166,950,1
1891,1891,1520,951,1
1892,1892,1399,952,2
1893,1893,1048,952,9
1894,1894,1471,953,5
1895,1895,1529,954,1
1896,1896,1164,955,7
1897,1897,1812,955,4
1898,1898,332,956,9
1899,1899,1458,957,4
1900,1900,1544,957,2
1901,1901,260,958,1
1902,1902,1850,958,5
1903,1903,5,959,6
1904,1904,226,959,7
1905,1905,1181,959,10
1906,1906,1450,960,2
1907,1907,963,960,2
1908,1908,843,961,2
1909,1909,364,961,7
1910,1910,671,961,9
1911,1911,982,962,8
1912,1912,195,962,8
1913,1913,569,962,2
1914,1914,1471,963,1
1915,1915,721,964,5
1916,1916,1892,965,5
1917,1917,170,965,6
1918,1918,325,966,9
1919,1919,535,966,6
1920,1920,1456,966,9
1921,1921,1554,967,3
1922,1922,943,967,5
1923,1923,164,967,6
1924,1924,1780,968,1
1925,1925,1466,968,2
1926,1926,1240,968,5
1927,1927,379,969,6
1928,1928,996,970,7
1929,1929,393,970,7
1930,1930,1268,970,8
1931,1931,741,971,5
1932,1932,490,971,7
1933,1933,1612,972,9
1934,1934,1717,972,2
1935,1935,1370,973,1
1936,1936,86,974,2
1937,1937,881,974,7
1938,1938,698,974,5
1939,1939,385,975,1
1940,1940,1053,975,6
1941,1941,606,976,2
1942,1942,702,976,1
1943,1943,1241,977,7
1944,1944,842,978,3
1945,1945,717,979,3
1946,1946,1653,979,3
1947,1947,644,980,6
1948,1948,1084,980,7
1949,1949,161,980,4
1950,1950,667,981,10
1951,1951,705,981,6
1952,1952,343,982,2
1953,1953,356,982,10
1954,1954,1854,982,5
1955,1955,1111,983,5
1956,1956,1190,984,1
1957,1957,180,984,2
1958,1958,1378,984,3
1959,1959,703,985,10
1960,1960,1786,985,2
1961,1961,367,986,2
1962,1962,1926,987,5
1963,1963,1423,988,10
1964,1964,632,989,3
1965,1965,959,989,8
1966,1966,1619,989,9
1967,1967,1700,990,8
1968,1968,832,991,7
1969,1969,1080,991,3
1970,1970,1241,992,9
1971,1971,531,992,4
1972,1972,1964,992,5
1973,1973,709,993,8
1974,1974,1601,994,3
1975,1975,536,994,4
1976,1976,150,995,3
1977,1977,1677,995,6
1978,1978,823,995,1
1979,1979,827,996,1
1980,1980,798,997,6
1981,1981,1027,998,6
1982,1982,1424,998,4
1983,1983,1390,998,3
1984,1984,378,999,1
1985,1985,484,999,3
1986,1986,1762,1000,3
1987,1987,1958,1000,2
1988,1988,955,1000,9
1989,1989,1334,1001,8
1990,1990,1304,1002,7
1991,1991,803,1003,1
1992,1992,275,1003,9
1993,1993,85,1004,5
1994,1994,69,1005,6
1995,1995,1389,1005,4
1996,1996,762,1005,1
1997,1997,180,1006,1
1998,1998,1668,1007,10
1999,1999,1295,1007,8
2000,2000,911,1007,1
2001,2001,828,1008,3
2002,2002,1388,1009,2
2003,2003,1856,1010,6
2004,2004,1377,1010,7
2005,2005,969,1010,1
2006,2006,675,1011,1
2007,2007,640,1011,10
2008,2008,750,1012,5
2009,2009,1665,1012,4
2010,2010,1443,1012,5
2011,2011,779,1013,1
2012,2012,158,1013,5
2013,2013,458,1013,6
2014,2014,401,1014,6
2015,2015,1134,1015,7
2016,2016,243,1016,10
2017,2017,597,1017,2
2018,2018,1528,1017,4
2019,2019,641,1017,3
2020,2020,1350,1018,10
2021,2021,666,1018,2
2022,2022,512,1019,10
2023,2023,595,1019,10
2024,2024,1060,1020,5
2025,2025,1379,1020,8
2026,2026,688,1020,4
2027,2027,19,1021,3
2028,2028,1001,1022,1
2029,2029,1127,1022,10
2030,2030,1711,1023,8
2031,2031,696,1023,9
2032,2032,1292,1024,10
2033,2033,1455,1025,7
2034,2034,234,1025,9
2035,2035,1635,1025,4
2036,2036,1396,1026,1
2037,2037,1501,1026,2
2038,2038,1753,1026,5
2039,2039,1565,1027,4
2040,2040,1442,1027,3
2041,2041,664,1027,2
2042,2042,1109,1028,7
2043,2043,1205,1028,2
2044,2044,1110,1029,4
2045,2045,1800,1030,7
2046,2046,975,1030,8
2047,2047,1174,1030,10
2048,2048,1690,1031,8
2049,2049,1213,1031,5
2050,2050,1915,1032,2
2051,2051,303,1032,9
2052,2052,1651,1033,6
2053,2053,89,1033,6
2054,2054,1596,1034,3
2055,2055,1741,1034,4
2056,2056,1558,1034,1
2057,2057,1385,1035,9
2058,2058,1202,1036,2
2059,2059,1995,1036,2
2060,2060,1886,1036,3
2061,2061,1632,1037,9
2062,2062,1138,1037,10
2063,2063,402,1038,3
2064,2064,1610,1039,2
2065,2065,1606,1039,1
2066,2066,527,1040,6
2067,2067,1940,1041,6
2068,2068,904,1041,9
2069,2069,504,1042,3
2070,2070,1002,1042,9
2071,2071,1371,1043,8
2072,2072,422,1043,6
2073,2073,758,1043,1
2074,2074,394,1044,1
2075,2075,124,1045,2
2076,2076,382,1045,10
2077,2077,918,1045,7
2078,2078,169,1046,8
2079,2079,1407,1046,8
2080,2080,146,1046,9
2081,2081,1877,1047,4
2082,2082,1522,1047,6
2083,2083,1910,1048,3
2084,2084,1747,1049,2
2085,2085,1551,1049,3
2086,2086,299,1050,2
2087,2087,1012,1051,3
2088,2088,1769,1052,1
2089,2089,663,1053,1
2090,2090,1768,1054,7
2091,2091,1108,1054,8
2092,2092,1416,1055,3
2093,2093,295,1055,6
2094,2094,996,1056,4
2095,2095,1559,1056,7
2096,2096,1090,1057,9
2097,2097,263,1057,10
2098,2098,481,1058,4
2099,2099,402,1058,7
2100,2100,793,1059,8
2101,2101,1642,1059,5
2102,2102,1607,1060,2
2103,2103,1505,1060,6
2104,2104,1011,1061,4
2105,2105,573,1061,2
2106,2106,1532,1061,9
2107,2107,1894,1062,2
2108,2108,1981,1063,5
2109,2109,1949,1063,7
2110,2110,1412,1064,4
2111,2111,1619,1064,1
2112,2112,1703,1064,5
2113,2113,93,1065,4
2114,2114,1987,1066,10
2115,2115,641,1066,1
2116,2116,188,1066,4
2117,2117,148,1067,8
2118,2118,968,1068,7
2119,2119,1965,1068,10
2120,2120,593,1069,5
2121,2121,281,1069,5
2122,2122,1159,1070,3
2123,2123,471,1070,3
2124,2124,633,1071,3
2125,2125,1589,1071,1
2126,2126,673,1072,8
2127,2127,1847,1072,10
2128,2128,811,1073,1
2129,2129,756,1074,10
2130,2130,491,1075,9
2131,2131,1942,1075,8
2132,2132,667,1075,5
2133,2133,1150,1076,6
2134,2134,1278,1077,1
2135,2135,1499,1078,3
2136,2136,789,1078,6
2137,2137,1438,1078,9
2138,2138,1838,1079,3
2139,2139,706,1079,3
2140,2140,1865,1080,5
2141,2141,1776,1080,6
2142,2142,408,1080,2
2143,2143,1885,1081,5
2144,2144,997,1082,5
2145,2145,1,1082,4
2146,2146,943,1082,5
2147,2147,954,1083,4
2148,2148,1433,1083,2
2149,2149,323,1083,9
2150,2150,286,1084,9
2151,2151,413,1085,9
2152,2152,8,1086,2
2153,2153,319,1086,5
2154,2154,490,1086,10
2155,2155,514,1087,7
2156,2156,396,1088,8
2157,2157,996,1088,8
2158,2158,567,1089,10
2159,2159,1384,1089,1
2160,2160,1712,1090,8
2161,2161,855,1091,7
2162,2162,1359,1091,2
2163,2163,1200,1092,8
2164,2164,1790,1092,7
2165,2165,724,1093,9
2166,2166,731,1093,6
2167,2167,177,1093,2
2168,2168,209,1094,6
2169,2169,469,1095,10
2170,2170,1985,1096,9
2171,2171,187,1096,9
2172,2172,1713,1096,10
2173,2173,356,1097,8
2174,2174,1702,1097,4
2175,2175,561,1097,9
2176,2176,430,1098,8
2177,2177,1494,1098,3
2178,2178,864,1098,1
2179,2179,1174,1099,10
2180,2180,422,1099,2
2181,2181,806,1100,2
2182,2182,1567,1101,6
2183,2183,281,1102,8
2184,2184,558,1102,10
2185,2185,1546,1102,3
2186,2186,668,1103,4
2187,2187,1777,1103,7
2188,2188,759,1104,10
2189,2189,688,1104,9
2190,2190,1259,1105,5
2191,2191,1281,1105,9
2192,2192,367,1105,1
2193,2193,1168,1106,3
2194,2194,1336,1107,7
2195,2195,1272,1107,2
2196,2196,1158,1108,8
2197,2197,699,1108,4
2198,2198,1485,1108,5
2199,2199,853,1109,6
2200,2200,1711,1109,5
2201,2201,1115,1110,10
2202,2202,973,1110,7
2203,2203,463,1111,4
2204,2204,770,1111,1
2205,2205,707,1112,9
2206,2206,1322,1113,6
2207,2207,271,1113,6
2208,2208,515,1114,1
2209,2209,72,1114,7
2210,2210,358,1114,8
2211,2211,1517,1115,4
2212,2212,1492,1115,10
2213,2213,1092,1115,2
2214,2214,262,1116,8
2215,2215,1431,1116,5
2216,2216,1350,1117,8
2217,2217,1961,1117,3
2218,2218,38,1118,1
2219,2219,664,1118,10
2220,2220,1524,1119,8
2221,2221,746,1119,5
2222,2222,1392,1120,5
2223,2223,49,1121,4
2224,2224,1799,1121,7
2225,2225,1759,1122,9
2226,2226,1725,1122,9
2227,2227,923,1123,1
2228,2228,721,1124,5
2229,2229,856,1124,9
2230,2230,412,1125,9
2231,2231,195,1125,8
2232,2232,1565,1126,8
2233,2233,719,1127,6
2234,2234,290,1127,3
2235,2235,1613,1128,4
2236,2236,1959,1128,2
2237,2237,576,1128,6
2238,2238,1152,1129,10
2239,2239,76,1129,7
2240,2240,1612,1129,8
2241,2241,221,1130,8
2242,2242,1822,1130,5
2243,2243,157,1130,8
2244,2244,1706,1131,7
2245,2245,649,1132,4
2246,2246,475,1133,4
2247,2247,1536,1134,8
2248,2248,1285,1135,3
2249,2249,689,1135,10
2250,2250,1608,1136,4
2251,2251,1891,1136,10
2252,2252,1137,1137,2
2253,2253,162,1137,9
2254,2254,993,1138,6
2255,2255,776,1138,2
2256,2256,51,1139,1
2257,2257,619,1139,4
2258,2258,517,1139,5
2259,2259,988,1140,2
2260,2260,86,1140,3
2261,2261,932,1140,4
2262,2262,89,1141,10
2263,2263,90,1142,10
2264,2264,239,1142,2
2265,2265,1972,1143,7
2266,2266,302,1143,9
2267,2267,1815,1144,6
2268,2268,1642,1145,3
2269,2269,598,1145,8
2270,2270,1761,1146,1
2271,2271,222,1146,6
2272,2272,1924,1146,4
2273,2273,1684,1147,8
2274,2274,507,1148,7
2275,2275,736,1148,7
2276,2276,1295,1149,8
2277,2277,1907,1149,7
2278,2278,154,1150,7
2279,2279,1812,1150,10
2280,2280,779,1150,4
2281,2281,1415,1151,10
2282,2282,9,1151,8
2283,2283,432,1151,8
2284,2284,299,1152,10
2285,2285,1298,1152,4
2286,2286,875,1152,6
2287,2287,769,1153,9
2288,2288,1522,1153,9
2289,2289,181,1153,9
2290,2290,1588,1154,9
2291,2291,1163,1154,3
2292,2292,1319,1155,1
2293,2293,1828,1155,10
2294,2294,81,1156,3
2295,2295,1446,1156,1
2296,2296,1278,1156,2
2297,2297,380,1157,8
2298,2298,679,1157,7
2299,2299,1209,1158,6
2300,2300,1612,1158,2
2301,2301,1097,1159,7
2302,2302,853,1160,4
2303,2303,1448,1161,1
2304,2304,851,1161,6
2305,2305,13,1161,9
2306,2306,11,1162,2
2307,2307,302,1162,9
2308,2308,1966,1163,5
2309,2309,191,1164,8
2310,2310,1923,1164,9
2311,2311,1776,1164,8
2312,2312,98,1165,6
2313,2313,372,1165,5
2314,2314,1049,1165,6
2315,2315,435,1166,1
2316,2316,974,1166,2
2317,2317,1927,1167,8
2318,2318,1665,1168,3
2319,2319,1314,1168,7
2320,2320,1557,1169,3
2321,2321,1522,1169,5
2322,2322,287,1170,6
2323,2323,1706,1170,10
2324,2324,1029,1170,1
2325,2325,995,1171,6
2326,2326,812,1171,9
2327,2327,991,1172,10
2328,2328,237,1172,8
2329,2329,840,1172,2
2330,2330,427,1173,10
2331,2331,1879,1173,10
2332,2332,210,1174,3
2333,2333,1676,1174,8
2334,2334,939,1174,1
2335,2335,342,1175,2
2336,2336,1819,1175,6
2337,2337,1528,1175,9
2338,2338,1027,1176,2
2339,2339,251,1176,7
2340,2340,1866,1176,7
2341,2341,1427,1177,7
2342,2342,1584,1177,7
2343,2343,1744,1177,8
2344,2344,1053,1178,7
2345,2345,1758,1179,2
2346,2346,975,1179,9
2347,2347,1209,1180,6
2348,2348,203,1181,3
2349,2349,1728,1181,4
2350,2350,994,1182,7
2351,2351,717,1182,10
2352,2352,469,1183,7
2353,2353,1175,1183,6
2354,2354,214,1183,8
2355,2355,1797,1184,7
2356,2356,627,1184,8
2357,2357,697,1185,7
2358,2358,269,1186,3
2359,2359,1904,1187,9
2360,2360,17,1188,9
2361,2361,1330,1188,8
2362,2362,1545,1188,2
2363,2363,1150,1189,9
2364,2364,837,1189,7
2365,2365,997,1189,2
2366,2366,1230,1190,5
2367,2367,702,1190,1
2368,2368,1346,1191,2
2369,2369,1403,1191,5
2370,2370,584,1191,1
2371,2371,704,1192,4
2372,2372,1869,1192,7
2373,2373,1912,1193,4
2374,2374,1062,1194,5
2375,2375,1581,1194,7
2376,2376,1992,1195,2
2377,2377,742,1195,7
2378,2378,197,1195,2
2379,2379,1370,1196,7
2380,2380,1077,1196,5
2381,2381,1351,1197,10
2382,2382,835,1198,7
2383,2383,933,1198,3
2384,2384,1960,1199,5
2385,2385,1085,1199,8
2386,2386,1243,1199,1
2387,2387,411,1200,6
2388,2388,1597,1200,10
2389,2389,1766,1201,7
2390,2390,960,1202,5
2391,2391,1598,1202,7
2392,2392,1603,1203,9
2393,2393,1283,1204,8
2394,2394,1592,1205,2
2395,2395,922,1205,10
2396,2396,1781,1205,4
2397,2397,466,1206,9
2398,2398,128,1206,10
2399,2399,321,1206,3
2400,2400,565,1207,1
2401,2401,1273,1207,3
2402,2402,1594,1208,2
2403,2403,423,1208,5
2404,2404,779,1209,2
2405,2405,643,1209,10
2406,2406,1152,1209,9
2407,2407,476,1210,7
2408,2408,1273,1211,7
2409,2409,532,1211,10
2410,2410,1700,1212,8
2411,2411,1963,1212,1
2412,2412,964,1212,8
2413,2413,788,1213,10
2414,2414,854,1214,1
2415,2415,258,1214,10
2416,2416,28,1214,4
2417,2417,656,1215,3
2418,2418,1962,1215,5
2419,2419,1049,1216,8
2420,2420,759,1216,7
2421,2421,709,1216,7
2422,2422,1569,1217,1
2423,2423,641,1217,7
2424,2424,1430,1218,3
2425,2425,1765,1219,2
2426,2426,1413,1219,2
2427,2427,1043,1220,1
2428,2428,993,1220,7
2429,2429,1005,1221,7
2430,2430,1768,1221,6
2431,2431,642,1221,3
2432,2432,223,1222,8
2433,2433,1264,1223,9
2434,2434,210,1223,5
2435,2435,865,1223,1
2436,2436,225,1224,7
2437,2437,1026,1225,2
2438,2438,1286,1225,9
2439,2439,1660,1225,6
2440,2440,1715,1226,7
2441,2441,1528,1226,1
2442,2442,354,1227,3
2443,2443,1894,1227,9
2444,2444,1778,1227,3
2445,2445,1311,1228,9
2446,2446,141,1228,9
2447,2447,1392,1228,9
2448,2448,1359,1229,1
2449,2449,1171,1229,7
2450,2450,299,1230,8
2451,2451,1747,1230,6
2452,2452,1423,1230,2
2453,2453,717,1231,9
2454,2454,927,1231,5
2455,2455,972,1231,1
2456,2456,1828,1232,2
2457,2457,644,1232,3
2458,2458,1738,1233,9
2459,2459,124,1234,2
2460,2460,257,1234,2
2461,2461,1009,1235,6
2462,2462,461,1236,3
2463,2463,881,1236,8
2464,2464,1356,1236,6
2465,2465,1513,1237,10
2466,2466,230,1238,9
2467,2467,457,1239,9
2468,2468,20,1239,6
2469,2469,1171,1239,4
2470,2470,583,1240,5
2471,2471,1012,1241,9
2472,2472,112,1241,4
2473,2473,1790,1242,2
2474,2474,1859,1242,7
2475,2475,1936,1242,7
2476,2476,1271,1243,4
2477,2477,152,1244,4
2478,2478,1553,1244,3
2479,2479,131,1245,10
2480,2480,357,1245,2
2481,2481,983,1245,9
2482,2482,894,1246,7
2483,2483,975,1246,2
2484,2484,270,1246,3
2485,2485,456,1247,2
2486,2486,1125,1247,10
2487,2487,985,1248,10
2488,2488,1557,1248,7
2489,2489,140,1249,5
2490,2490,722,1249,10
2491,2491,1506,1249,1
2492,2492,1126,1250,6
2493,2493,725,1251,5
2494,2494,1948,1251,2
2495,2495,1455,1252,6
2496,2496,530,1253,9
2497,2497,72,1253,3
2498,2498,13,1254,8
2499,2499,1938,1254,1
2500,2500,972,1254,9
2501,2501,168,1255,1
2502,2502,772,1255,10
2503,2503,1989,1255,3
2504,2504,984,1256,1
2505,2505,1667,1257,8
2506,2506,1741,1257,2
2507,2507,222,1258,6
2508,2508,1722,1258,1
2509,2509,1011,1258,5
2510,2510,548,1259,7
2511,2511,1002,1260,9
2512,2512,83,1260,2
2513,2513,1469,1260,6
2514,2514,1027,1261,3
2515,2515,1536,1261,7
2516,2516,1616,1262,5
2517,2517,1800,1262,6
2518,2518,849,1262,1
2519,2519,91,1263,7
2520,2520,829,1264,10
2521,2521,1071,1264,10
2522,2522,1494,1265,9
2523,2523,469,1266,3
2524,2524,662,1266,10
2525,2525,274,1266,8
2526,2526,893,1267,5
2527,2527,1154,1267,6
2528,2528,306,1268,10
2529,2529,918,1268,2
2530,2530,472,1268,9
2531,2531,1189,1269,5
2532,2532,1468,1270,1
2533,2533,1921,1270,4
2534,2534,451,1271,2
2535,2535,1837,1271,5
2536,2536,756,1272,8
2537,2537,1686,1272,9
2538,2538,410,1272,3
2539,2539,999,1273,6
2540,2540,1096,1273,10
2541,2541,723,1274,10
2542,2542,351,1275,10
2543,2543,214,1276,5
2544,2544,1575,1277,9
2545,2545,857,1278,5
2546,2546,1118,1279,6
2547,2547,1564,1279,4
2548,2548,170,1280,10
2549,2549,1703,1281,5
2550,2550,1344,1282,4
2551,2551,944,1283,8
2552,2552,319,1283,3
2553,2553,1884,1283,4
2554,2554,1741,1284,3
2555,2555,1053,1284,3
2556,2556,1982,1284,5
2557,2557,1186,1285,3
2558,2558,895,1286,5
2559,2559,1141,1287,3
2560,2560,1159,1287,7
2561,2561,901,1288,7
2562,2562,922,1288,4
2563,2563,1413,1288,3
2564,2564,881,1289,9
2565,2565,1394,1289,3
2566,2566,1041,1290,1
2567,2567,1776,1290,5
2568,2568,647,1291,7
2569,2569,1821,1291,10
2570,2570,930,1291,8
2571,2571,186,1292,4
2572,2572,1834,1293,8
2573,2573,1870,1293,10
2574,2574,1038,1293,10
2575,2575,1846,1294,2
2576,2576,1078,1294,8
2577,2577,1485,1295,3
2578,2578,243,1296,2
2579,2579,1663,1296,7
2580,2580,748,1297,3
2581,2581,806,1298,1
2582,2582,67,1299,3
2583,2583,1074,1299,8
2584,2584,932,1299,4
2585,2585,919,1300,3
2586,2586,1239,1301,4
2587,2587,487,1302,9
2588,2588,1575,1302,1
2589,2589,815,1303,9
2590,2590,1874,1303,8
2591,2591,1588,1304,10
2592,2592,715,1304,1
2593,2593,818,1305,3
2594,2594,1862,1306,6
2595,2595,250,1306,10
2596,2596,371,1307,4
2597,2597,1777,1308,10
2598,2598,18,1309,1
2599,2599,94,1309,8
2600,2600,1063,1309,3
2601,2601,1671,1310,1
2602,2602,535,1310,4
2603,2603,350,1311,5
2604,2604,1541,1312,9
2605,2605,196,1312,7
2606,2606,1027,1312,2
2607,2607,1502,1313,5
2608,2608,348,1314,10
2609,2609,1536,1315,8
2610,2610,320,1315,2
2611,2611,1958,1315,4
2612,2612,755,1316,6
2613,2613,142,1316,7
2614,2614,1133,1316,9
2615,2615,2000,1317,10
2616,2616,1681,1317,7
2617,2617,406,1318,8
2618,2618,1027,1318,3
2619,2619,806,1318,1
2620,2620,1672,1319,4
2621,2621,417,1319,7
2622,2622,1094,1319,7
2623,2623,824,1320,7
2624,2624,415,1321,2
2625,2625,1834,1322,3
2626,2626,484,1322,3
2627,2627,1529,1322,10
2628,2628,1320,1323,10
2629,2629,830,1323,4
2630,2630,1802,1323,8
2631,2631,953,1324,2
2632,2632,1146,1324,2
2633,2633,898,1325,10
2634,2634,994,1326,2
2635,2635,81,1327,5
2636,2636,628,1328,10
2637,2637,512,1328,10
2638,2638,4,1328,3
2639,2639,1499,1329,7
2640,2640,1550,1329,9
2641,2641,1405,1330,9
2642,2642,143,1330,8
2643,2643,936,1331,10
2644,2644,710,1331,3
2645,2645,1182,1332,1
2646,2646,1909,1332,6
2647,2647,640,1333,2
2648,2648,1862,1333,3
2649,2649,84,1333,7
2650,2650,230,1334,4
2651,2651,274,1334,7
2652,2652,1094,1335,1
2653,2653,797,1336,1
2654,2654,1393,1336,4
2655,2655,188,1337,4
2656,2656,730,1337,4
2657,2657,663,1338,2
2658,2658,878,1338,1
2659,2659,438,1339,9
2660,2660,141,1339,9
2661,2661,469,1340,6
2662,2662,695,1340,8
2663,2663,1877,1341,2
2664,2664,10,1342,3
2665,2665,673,1342,7
2666,2666,1852,1343,9
2667,2667,49,1344,1
2668,2668,800,1345,8
2669,2669,206,1345,2
2670,2670,890,1345,9
2671,2671,394,1346,6
2672,2672,1954,1347,3
2673,2673,1260,1347,1
2674,2674,1592,1348,2
2675,2675,1954,1349,5
2676,2676,1501,1350,4
2677,2677,1560,1350,6
2678,2678,1033,1350,2
2679,2679,1492,1351,5
2680,2680,377,1352,4
2681,2681,1663,1352,8
2682,2682,1728,1352,3
2683,2683,15,1353,10
2684,2684,692,1354,8
2685,2685,587,1354,4
2686,2686,1816,1355,9
2687,2687,1273,1355,4
2688,2688,996,1355,2
2689,2689,768,1356,3
2690,2690,41,1356,5
2691,2691,441,1356,5
2692,2692,1525,1357,1
2693,2693,1019,1358,1
2694,2694,1484,1358,3
2695,2695,171,1358,9
2696,2696,232,1359,5
2697,2697,1520,1360,3
2698,2698,306,1361,1
2699,2699,822,1362,1
2700,2700,767,1362,7
2701,2701,690,1362,6
2702,2702,1617,1363,8
2703,2703,644,1363,3
2704,2704,161,1363,2
2705,2705,537,1364,4
2706,2706,1497,1365,6
2707,2707,1461,1365,8
2708,2708,1321,1366,6
2709,2709,1130,1367,7
2710,2710,688,1367,5
2711,2711,1851,1368,7
2712,2712,1465,1369,5
2713,2713,1727,1370,3
2714,2714,1914,1371,8
2715,2715,1613,1371,2
2716,2716,216,1371,1
2717,2717,1372,1372,10
2718,2718,897,1372,5
2719,2719,1287,1372,5
2720,2720,1408,1373,8
2721,2721,1428,1373,4
2722,2722,1203,1374,7
2723,2723,890,1375,4
2724,2724,588,1375,4
2725,2725,331,1375,10
2726,2726,95,1376,8
2727,2727,841,1376,10
2728,2728,193,1377,10
2729,2729,191,1378,3
2730,2730,1416,1378,4
2731,2731,1740,1378,8
2732,2732,1834,1379,1
2733,2733,1825,1380,2
2734,2734,1668,1381,4
2735,2735,501,1381,4
2736,2736,1420,1382,4
2737,2737,145,1382,6
2738,2738,519,1382,6
2739,2739,1739,1383,6
2740,2740,800,1383,9
2741,2741,163,1383,6
2742,2742,1531,1384,7
2743,2743,183,1384,3
2744,2744,1227,1385,4
2745,2745,750,1385,3
2746,2746,186,1386,10
2747,2747,1262,1386,3
2748,2748,807,1387,1
2749,2749,1932,1388,1
2750,2750,415,1388,8
2751,2751,1518,1388,5
2752,2752,1901,1389,9
2753,2753,230,1389,5
2754,2754,1832,1389,2
2755,2755,629,1390,9
2756,2756,1031,1390,2
2757,2757,51,1391,9
2758,2758,1942,1392,2
2759,2759,1952,1392,2
2760,2760,1566,1393,2
2761,2761,1546,1393,3
2762,2762,770,1393,2
2763,2763,444,1394,4
2764,2764,1079,1394,3
2765,2765,966,1395,5
2766,2766,1880,1395,1
2767,2767,80,1395,3
2768,2768,1221,1396,3
2769,2769,1292,1396,2
2770,2770,1809,1397,1
2771,2771,828,1397,4
2772,2772,1656,1397,2
2773,2773,945,1398,3
2774,2774,286,1399,4
2775,2775,816,1399,9
2776,2776,931,1400,9
2777,2777,1103,1400,2
2778,2778,105,1401,8
2779,2779,1594,1401,5
2780,2780,152,1401,7
2781,2781,1065,1402,5
2782,2782,263,1403,3
2783,2783,199,1404,4
2784,2784,65,1404,7
2785,2785,23,1404,9
2786,2786,151,1405,5
2787,2787,1470,1405,4
2788,2788,753,1405,9
2789,2789,1550,1406,7
2790,2790,1270,1407,4
2791,2791,844,1408,3
2792,2792,402,1408,10
2793,2793,1048,1409,5
2794,2794,412,1409,4
2795,2795,1251,1410,4
2796,2796,336,1411,9
2797,2797,956,1412,2
2798,2798,604,1412,7
2799,2799,1928,1413,7
2800,2800,1148,1414,3
2801,2801,587,1414,10
2802,2802,685,1415,2
2803,2803,527,1415,6
2804,2804,1369,1416,10
2805,2805,1567,1417,10
2806,2806,756,1417,5
2807,2807,818,1417,4
2808,2808,1788,1418,9
2809,2809,1158,1419,3
2810,2810,1949,1419,9
2811,2811,1752,1420,9
2812,2812,2,1420,8
2813,2813,1548,1420,5
2814,2814,257,1421,8
2815,2815,1434,1421,6
2816,2816,1472,1422,8
2817,2817,1623,1422,9
2818,2818,1891,1423,4
2819,2819,1664,1423,2
2820,2820,778,1423,10
2821,2821,1077,1424,2
2822,2822,1477,1424,6
2823,2823,778,1424,9
2824,2824,677,1425,4
2825,2825,264,1425,6
2826,2826,221,1426,1
2827,2827,4,1426,2
2828,2828,1020,1426,1
2829,2829,636,1427,8
2830,2830,1955,1428,6
2831,2831,1093,1429,6
2832,2832,733,1429,7
2833,2833,620,1429,5
2834,2834,893,1430,1
2835,2835,266,1430,6
2836,2836,699,1431,4
2837,2837,724,1431,6
2838,2838,183,1432,5
2839,2839,878,1432,1
2840,2840,651,1433,4
2841,2841,798,1434,3
2842,2842,977,1434,5
2843,2843,571,1435,2
2844,2844,822,1435,10
2845,2845,55,1436,9
2846,2846,569,1436,6
2847,2847,875,1436,5
2848,2848,1143,1437,9
2849,2849,434,1438,6
2850,2850,1202,1438,1
2851,2851,1186,1439,10
2852,2852,1622,1439,2
2853,2853,833,1440,6
2854,2854,1254,1440,4
2855,2855,153,1440,10
2856,2856,1278,1441,4
2857,2857,1363,1441,3
2858,2858,1793,1441,8
2859,2859,134,1442,10
2860,2860,532,1443,10
2861,2861,1450,1444,5
2862,2862,1690,1444,6
2863,2863,567,1445,10
2864,2864,601,1445,6
2865,2865,1114,1445,10
2866,2866,1539,1446,8
2867,2867,1232,1446,8
2868,2868,387,1446,1
2869,2869,203,1447,5
2870,2870,1927,1447,1
2871,2871,1373,1447,10
2872,2872,224,1448,8
2873,2873,797,1448,3
2874,2874,988,1449,10
2875,2875,825,1449,3
2876,2876,870,1450,3
2877,2877,216,1450,10
2878,2878,252,1451,2
2879,2879,117,1451,1
2880,2880,360,1452,5
2881,2881,1084,1453,2
2882,2882,270,1453,10
2883,2883,147,1453,9
2884,2884,1797,1454,9
2885,2885,1775,1454,10
2886,2886,1053,1454,2
2887,2887,1695,1455,3
2888,2888,957,1455,10
2889,2889,252,1455,6
2890,2890,906,1456,8
2891,2891,1710,1456,3
2892,2892,1053,1457,8
2893,2893,560,1457,7
2894,2894,1669,1457,4
2895,2895,463,1458,1
2896,2896,293,1458,7
2897,2897,1249,1459,1
2898,2898,1437,1459,1
2899,2899,1956,1459,8
2900,2900,584,1460,8
2901,2901,866,1461,2
2902,2902,381,1461,9
2903,2903,1712,1462,10
2904,2904,561,1463,1
2905,2905,1506,1464,5
2906,2906,885,1464,4
2907,2907,1817,1464,9
2908,2908,976,1465,2
2909,2909,749,1466,5
2910,2910,922,1467,8
2911,2911,274,1467,5
2912,2912,1776,1468,3
2913,2913,1735,1468,4
2914,2914,1729,1468,9
2915,2915,138,1469,8
2916,2916,1099,1470,5
2917,2917,593,1471,9
2918,2918,372,1471,4
2919,2919,1043,1472,9
2920,2920,1471,1472,9
2921,2921,63,1472,6
2922,2922,858,1473,8
2923,2923,32,1473,7
2924,2924,1947,1474,3
2925,2925,1161,1475,8
2926,2926,1102,1476,3
2927,2927,1771,1477,8
2928,2928,334,1478,5
2929,2929,1089,1478,9
2930,2930,160,1478,2
2931,2931,1777,1479,3
2932,2932,24,1480,1
2933,2933,1044,1481,5
2934,2934,1319,1481,5
2935,2935,667,1482,5
2936,2936,262,1482,5
2937,2937,978,1482,3
2938,2938,433,1483,9
2939,2939,1178,1484,6
2940,2940,1861,1484,6
2941,2941,767,1484,2
2942,2942,1284,1485,10
2943,2943,1775,1485,10
2944,2944,536,1486,4
2945,2945,1053,1487,10
2946,2946,1061,1487,1
2947,2947,1451,1487,4
2948,2948,1060,1488,2
2949,2949,1442,1489,7
2950,2950,1738,1490,10
2951,2951,1308,1491,2
2952,2952,809,1491,9
2953,2953,311,1491,9
2954,2954,1827,1492,7
2955,2955,84,1492,4
2956,2956,384,1493,9
2957,2957,1740,1493,7
2958,2958,174,1493,7
2959,2959,1404,1494,3
2960,2960,1501,1494,2
2961,2961,1746,1494,9
2962,2962,1092,1495,3
2963,2963,16,1495,7
2964,2964,189,1495,8
2965,2965,151,1496,9
2966,2966,33,1497,4
2967,2967,211,1497,7
2968,2968,433,1497,5
2969,2969,161,1498,10
2970,2970,1835,1498,3
2971,2971,277,1498,3
2972,2972,241,1499,7
2973,2973,829,1499,9
2974,2974,1950,1500,3
2975,2975,170,1501,1
2976,2976,1746,1502,7
2977,2977,577,1502,3
2978,2978,275,1503,5
2979,2979,865,1503,6
2980,2980,316,1504,2
2981,2981,1096,1505,1
2982,2982,1677,1505,4
2983,2983,1208,1505,10
2984,2984,139,1506,4
2985,2985,1544,1507,3
2986,2986,1039,1508,8
2987,2987,1531,1508,2
2988,2988,1236,1509,3
2989,2989,1303,1509,6
2990,2990,877,1510,4
2991,2991,1825,1511,9
2992,2992,286,1512,3
2993,2993,159,1513,10
2994,2994,1190,1514,6
2995,2995,53,1515,6
2996,2996,1662,1515,6
2997,2997,506,1515,6
2998,2998,528,1516,4
2999,2999,284,1516,8
3000,3000,589,1517,5
3001,3001,1075,1518,7
3002,3002,940,1519,3
3003,3003,865,1519,4
3004,3004,762,1519,2
3005,3005,1757,1520,7
3006,3006,793,1520,9
3007,3007,1774,1521,4
3008,3008,1139,1522,3
3009,3009,460,1522,10
3010,3010,1678,1523,7
3011,3011,1032,1524,1
3012,3012,1365,1524,2
3013,3013,573,1524,9
3014,3014,19,1525,6
3015,3015,1267,1525,5
3016,3016,213,1526,1
3017,3017,1080,1526,2
3018,3018,539,1526,8
3019,3019,704,1527,6
3020,3020,119,1528,8
3021,3021,865,1528,6
3022,3022,372,1528,10
3023,3023,1961,1529,1
3024,3024,805,1529,1
3025,3025,393,1530,3
3026,3026,1672,1531,8
3027,3027,1588,1531,10
3028,3028,792,1531,8
3029,3029,713,1532,10
3030,3030,1958,1533,1
3031,3031,89,1533,5
3032,3032,262,1534,3
3033,3033,1905,1535,3
3034,3034,522,1535,3
3035,3035,614,1536,9
3036,3036,1549,1537,1
3037,3037,89,1537,9
3038,3038,1712,1538,6
3039,3039,1902,1539,7
3040,3040,985,1539,3
3041,3041,1143,1540,3
3042,3042,1816,1540,10
3043,3043,734,1541,8
3044,3044,1689,1542,6
3045,3045,323,1542,4
3046,3046,776,1543,2
3047,3047,1407,1543,3
3048,3048,418,1543,10
3049,3049,218,1544,9
3050,3050,975,1545,6
3051,3051,1138,1545,3
3052,3052,653,1545,7
3053,3053,851,1546,9
3054,3054,1615,1546,2
3055,3055,1116,1546,4
3056,3056,469,1547,7
3057,3057,564,1547,2
3058,3058,16,1548,3
3059,3059,1999,1548,2
3060,3060,1370,1549,2
3061,3061,1246,1549,7
3062,3062,1868,1550,2
3063,3063,1279,1551,6
3064,3064,1299,1552,2
3065,3065,1726,1553,3
3066,3066,897,1554,4
3067,3067,603,1554,7
3068,3068,1562,1555,4
3069,3069,719,1555,2
3070,3070,452,1556,9
3071,3071,297,1557,9
3072,3072,497,1558,8
3073,3073,1970,1558,9
3074,3074,714,1559,9
3075,3075,1514,1559,4
3076,3076,842,1559,2
3077,3077,330,1560,4
3078,3078,570,1561,5
3079,3079,1841,1561,1
3080,3080,883,1562,3
3081,3081,706,1562,7
3082,3082,1499,1563,4
3083,3083,329,1563,9
3084,3084,1847,1563,2
3085,3085,29,1564,2
3086,3086,610,1564,2
3087,3087,1474,1565,1
3088,3088,1196,1565,2
3089,3089,489,1565,7
3090,3090,802,1566,2
3091,3091,592,1566,7
3092,3092,1863,1567,7
3093,3093,1510,1567,2
3094,3094,1968,1568,5
3095,3095,1535,1569,1
3096,3096,29,1569,8
3097,3097,114,1569,6
3098,3098,1562,1570,5
3099,3099,964,1570,1
3100,3100,255,1571,8
3101,3101,12,1571,6
3102,3102,790,1572,5
3103,3103,1956,1572,2
3104,3104,872,1572,5
3105,3105,658,1573,5
3106,3106,1568,1574,1
3107,3107,1688,1574,3
3108,3108,318,1574,10
3109,3109,1504,1575,1
3110,3110,230,1576,5
3111,3111,403,1577,9
3112,3112,1555,1577,9
3113,3113,1,1578,6
3114,3114,52,1578,8
3115,3115,1474,1579,3
3116,3116,47,1579,4
3117,3117,602,1579,1
3118,3118,1887,1580,8
3119,3119,1414,1580,4
3120,3120,184,1580,2
3121,3121,448,1581,9
3122,3122,872,1582,10
3123,3123,525,1582,6
3124,3124,146,1583,5
3125,3125,1990,1583,4
3126,3126,1701,1584,8
3127,3127,1365,1585,9
3128,3128,1968,1586,6
3129,3129,1990,1586,4
3130,3130,456,1587,3
3131,3131,787,1587,1
3132,3132,757,1587,7
3133,3133,1389,1588,5
3134,3134,1674,1588,1
3135,3135,1537,1589,1
3136,3136,1683,1589,2
3137,3137,1392,1590,7
3138,3138,370,1590,8
3139,3139,905,1590,1
3140,3140,445,1591,6
3141,3141,537,1592,9
3142,3142,1905,1592,5
3143,3143,1506,1592,8
3144,3144,340,1593,10
3145,3145,1249,1593,1
3146,3146,915,1593,4
3147,3147,1952,1594,8
3148,3148,1908,1594,10
3149,3149,700,1594,4
3150,3150,1933,1595,6
3151,3151,1714,1595,9
3152,3152,417,1595,2
3153,3153,1283,1596,3
3154,3154,432,1596,2
3155,3155,267,1596,10
3156,3156,775,1597,6
3157,3157,809,1598,2
3158,3158,1406,1598,5
3159,3159,1329,1598,3
3160,3160,1999,1599,5
3161,3161,1547,1600,3
3162,3162,1008,1600,10
3163,3163,1671,1600,4
3164,3164,182,1601,9
3165,3165,1359,1602,2
3166,3166,1686,1602,10
3167,3167,769,1602,6
3168,3168,313,1603,6
3169,3169,1052,1604,7
3170,3170,1820,1604,7
3171,3171,239,1604,10
3172,3172,139,1605,7
3173,3173,571,1605,6
3174,3174,47,1605,9
3175,3175,1626,1606,5
3176,3176,1211,1607,7
3177,3177,970,1607,8
3178,3178,683,1608,2
3179,3179,554,1609,3
3180,3180,579,1610,5
3181,3181,500,1611,4
3182,3182,669,1611,1
3183,3183,990,1612,2
3184,3184,510,1612,6
3185,3185,1460,1612,1
3186,3186,1573,1613,7
3187,3187,901,1613,6
3188,3188,1900,1614,4
3189,3189,282,1614,5
3190,3190,303,1614,10
3191,3191,663,1615,5
3192,3192,957,1615,6
3193,3193,1939,1616,10
3194,3194,1662,1616,8
3195,3195,859,1616,10
3196,3196,904,1617,6
3197,3197,1366,1618,8
3198,3198,1218,1618,4
3199,3199,682,1619,4
3200,3200,1241,1620,6
3201,3201,1891,1620,3
3202,3202,1807,1620,5
3203,3203,1559,1621,4
3204,3204,672,1621,9
3205,3205,495,1622,3
3206,3206,1667,1622,8
3207,3207,256,1622,7
3208,3208,1674,1623,8
3209,3209,876,1623,3
3210,3210,1243,1624,8
3211,3211,552,1624,6
3212,3212,985,1625,5
3213,3213,469,1625,10
3214,3214,1101,1625,4
3215,3215,774,1626,1
3216,3216,1399,1626,8
3217,3217,464,1627,4
3218,3218,1572,1628,6
3219,3219,1789,1628,6
3220,3220,479,1629,5
3221,3221,1075,1629,9
3222,3222,1019,1629,1
3223,3223,141,1630,10
3224,3224,825,1630,3
3225,3225,737,1631,5
3226,3226,1647,1631,3
3227,3227,769,1631,9
3228,3228,789,1632,3
3229,3229,1916,1632,1
3230,3230,450,1633,3
3231,3231,1903,1633,5
3232,3232,223,1633,2
3233,3233,1239,1634,3
3234,3234,707,1634,1
3235,3235,1391,1634,1
3236,3236,1852,1635,4
3237,3237,1143,1635,8
3238,3238,1861,1636,1
3239,3239,839,1636,1
3240,3240,1698,1637,5
3241,3241,1748,1637,1
3242,3242,1583,1637,6
3243,3243,1891,1638,5
3244,3244,1502,1638,3
3245,3245,1733,1638,2
3246,3246,1648,1639,8
3247,3247,1675,1640,6
3248,3248,936,1640,2
3249,3249,1015,1640,4
3250,3250,849,1641,1
3251,3251,259,1641,10
3252,3252,340,1641,8
3253,3253,313,1642,4
3254,3254,74,1642,5
3255,3255,1279,1643,9
3256,3256,1040,1643,3
3257,3257,1579,1643,5
3258,3258,1034,1644,5
3259,3259,1433,1644,5
3260,3260,1656,1645,6
3261,3261,668,1645,2
3262,3262,385,1646,4
3263,3263,979,1647,10
3264,3264,357,1647,7
3265,3265,1788,1648,3
3266,3266,1498,1648,9
3267,3267,1218,1648,5
3268,3268,1450,1649,5
3269,3269,714,1650,1
3270,3270,1234,1650,9
3271,3271,442,1651,5
3272,3272,1289,1651,6
3273,3273,1464,1652,4
3274,3274,1714,1652,4
3275,3275,950,1652,2
3276,3276,1939,1653,8
3277,3277,1347,1654,9
3278,3278,92,1654,1
3279,3279,520,1655,7
3280,3280,44,1656,10
3281,3281,968,1656,5
3282,3282,777,1656,3
3283,3283,337,1657,1
3284,3284,34,1657,1
3285,3285,1390,1657,9
3286,3286,281,1658,6
3287,3287,1928,1659,4
3288,3288,1166,1659,6
3289,3289,341,1659,10
3290,3290,1197,1660,9
3291,3291,1450,1660,6
3292,3292,428,1660,10
3293,3293,1484,1661,6
3294,3294,1264,1661,4
3295,3295,19,1661,3
3296,3296,596,1662,8
3297,3297,406,1663,10
3298,3298,1389,1664,5
3299,3299,1186,1664,1
3300,3300,1155,1664,10
3301,3301,1164,1665,9
3302,3302,1850,1665,6
3303,3303,335,1665,2
3304,3304,669,1666,9
3305,3305,971,1666,6
3306,3306,720,1666,7
3307,3307,1675,1667,1
3308,3308,366,1668,2
3309,3309,389,1668,7
3310,3310,1034,1669,10
3311,3311,1812,1669,7
3312,3312,1771,1670,4
3313,3313,1642,1670,8
3314,3314,1973,1671,7
3315,3315,398,1671,9
3316,3316,1627,1671,2
3317,3317,1256,1672,4
3318,3318,1075,1672,5
3319,3319,52,1672,4
3320,3320,1503,1673,1
3321,3321,264,1673,4
3322,3322,618,1673,1
3323,3323,590,1674,5
3324,3324,613,1675,4
3325,3325,1034,1676,5
3326,3326,1111,1676,2
3327,3327,1970,1676,6
3328,3328,1229,1677,2
3329,3329,1023,1677,8
3330,3330,263,1678,8
3331,3331,802,1679,9
3332,3332,782,1680,4
3333,3333,1513,1680,2
3334,3334,351,1681,7
3335,3335,1836,1681,8
3336,3336,366,1682,10
3337,3337,1085,1682,1
3338,3338,1847,1682,7
3339,3339,113,1683,9
3340,3340,1151,1683,8
3341,3341,327,1684,4
3342,3342,1876,1684,9
3343,3343,591,1685,6
3344,3344,1127,1685,2
3345,3345,473,1685,9
3346,3346,918,1686,7
3347,3347,776,1686,5
3348,3348,1313,1686,4
3349,3349,1085,1687,5
3350,3350,1917,1687,10
3351,3351,1087,1687,4
3352,3352,1178,1688,8
3353,3353,1754,1688,5
3354,3354,973,1689,8
3355,3355,853,1689,10
3356,3356,730,1689,3
3357,3357,1328,1690,7
3358,3358,1452,1691,3
3359,3359,1280,1691,2
3360,3360,1805,1692,3
3361,3361,725,1692,9
3362,3362,930,1692,9
3363,3363,741,1693,2
3364,3364,1753,1694,10
3365,3365,1178,1694,10
3366,3366,53,1694,7
3367,3367,735,1695,7
3368,3368,1709,1695,5
3369,3369,1187,1696,10
3370,3370,1318,1696,2
3371,3371,1567,1697,6
3372,3372,1244,1698,10
3373,3373,1598,1698,8
3374,3374,334,1698,8
3375,3375,452,1699,3
3376,3376,1144,1700,4
3377,3377,1343,1701,7
3378,3378,1293,1702,1
3379,3379,1649,1702,1
3380,3380,508,1703,10
3381,3381,266,1703,7
3382,3382,881,1703,10
3383,3383,118,1704,1
3384,3384,1284,1705,8
3385,3385,552,1705,3
3386,3386,1914,1705,7
3387,3387,1983,1706,7
3388,3388,270,1706,1
3389,3389,1979,1707,1
3390,3390,191,1707,1
3391,3391,374,1708,6
3392,3392,1793,1708,2
3393,3393,1770,1709,1
3394,3394,903,1709,2
3395,3395,1446,1709,6
3396,3396,394,1710,8
3397,3397,1543,1711,10
3398,3398,1636,1712,3
3399,3399,731,1712,2
3400,3400,73,1713,5
3401,3401,909,1713,10
3402,3402,598,1713,8
3403,3403,758,1714,10
3404,3404,935,1715,6
3405,3405,1184,1715,9
3406,3406,1673,1715,10
3407,3407,1016,1716,8
3408,3408,1791,1716,6
3409,3409,1436,1716,1
3410,3410,1659,1717,4
3411,3411,81,1717,9
3412,3412,1700,1718,8
3413,3413,1633,1718,4
3414,3414,1691,1719,1
3415,3415,313,1719,5
3416,3416,1990,1720,7
3417,3417,1695,1720,10
3418,3418,1663,1720,7
3419,3419,664,1721,6
3420,3420,1401,1722,1
3421,3421,274,1722,3
3422,3422,1044,1723,8
3423,3423,1104,1724,9
3424,3424,1904,1725,5
3425,3425,1594,1725,9
3426,3426,909,1726,8
3427,3427,324,1726,5
3428,3428,605,1727,4
3429,3429,1226,1728,6
3430,3430,437,1728,7
3431,3431,1881,1729,2
3432,3432,1196,1730,8
3433,3433,1960,1730,6
3434,3434,540,1730,7
3435,3435,1204,1731,2
3436,3436,227,1731,8
3437,3437,1482,1731,8
3438,3438,346,1732,5
3439,3439,1546,1732,4
3440,3440,1527,1732,9
3441,3441,994,1733,4
3442,3442,148,1734,1
3443,3443,1114,1734,3
3444,3444,689,1735,10
3445,3445,1436,1736,3
3446,3446,826,1736,4
3447,3447,1728,1737,7
3448,3448,375,1737,1
3449,3449,1077,1737,9
3450,3450,1014,1738,5
3451,3451,695,1738,4
3452,3452,1034,1739,2
3453,3453,79,1739,2
3454,3454,121,1740,3
3455,3455,312,1741,1
3456,3456,1540,1741,8
3457,3457,1845,1742,9
3458,3458,77,1742,2
3459,3459,328,1743,8
3460,3460,1662,1744,7
3461,3461,1193,1744,6
3462,3462,693,1744,1
3463,3463,844,1745,6
3464,3464,449,1745,10
3465,3465,1525,1746,4
3466,3466,764,1747,5
3467,3467,1573,1747,7
3468,3468,414,1748,5
3469,3469,911,1749,6
3470,3470,687,1749,10
3471,3471,1120,1750,2
3472,3472,211,1750,8
3473,3473,956,1750,2
3474,3474,947,1751,4
3475,3475,1166,1751,1
3476,3476,841,1752,6
3477,3477,1005,1753,8
3478,3478,444,1753,10
3479,3479,902,1754,6
3480,3480,1228,1754,6
3481,3481,1708,1754,6
3482,3482,1038,1755,10
3483,3483,1964,1755,2
3484,3484,525,1756,3
3485,3485,1829,1756,3
3486,3486,1961,1757,9
3487,3487,1589,1757,4
3488,3488,499,1757,6
3489,3489,346,1758,1
3490,3490,1485,1759,2
3491,3491,1032,1759,7
3492,3492,137,1759,8
3493,3493,610,1760,2
3494,3494,865,1760,1
3495,3495,1915,1760,9
3496,3496,1409,1761,7
3497,3497,363,1761,5
3498,3498,655,1761,8
3499,3499,460,1762,9
3500,3500,1396,1762,8
3501,3501,1837,1763,3
3502,3502,1284,1763,6
3503,3503,1705,1763,5
3504,3504,1255,1764,2
3505,3505,974,1764,10
3506,3506,1947,1765,7
3507,3507,1844,1765,6
3508,3508,1789,1766,3
3509,3509,43,1766,8
3510,3510,1440,1766,2
3511,3511,1146,1767,9
3512,3512,875,1767,7
3513,3513,1442,1768,8
3514,3514,1024,1769,5
3515,3515,300,1769,1
3516,3516,699,1769,2
3517,3517,1702,1770,6
3518,3518,36,1771,7
3519,3519,1686,1771,1
3520,3520,242,1771,2
3521,3521,1663,1772,6
3522,3522,896,1772,8
3523,3523,1779,1772,5
3524,3524,1550,1773,9
3525,3525,2,1774,8
3526,3526,1681,1774,4
3527,3527,530,1775,1
3528,3528,1684,1775,3
3529,3529,1451,1775,1
3530,3530,251,1776,4
3531,3531,113,1776,4
3532,3532,222,1776,4
3533,3533,995,1777,4
3534,3534,79,1778,10
3535,3535,1427,1778,3
3536,3536,1775,1779,10
3537,3537,1238,1779,5
3538,3538,840,1780,8
3539,3539,1073,1781,9
3540,3540,1337,1781,10
3541,3541,1409,1781,2
3542,3542,763,1782,10
3543,3543,267,1783,6
3544,3544,1977,1783,9
3545,3545,1462,1784,1
3546,3546,200,1784,2
3547,3547,93,1785,10
3548,3548,1044,1785,10
3549,3549,935,1786,4
3550,3550,928,1786,2
3551,3551,916,1786,4
3552,3552,1729,1787,5
3553,3553,1700,1787,5
3554,3554,778,1787,3
3555,3555,663,1788,6
3556,3556,1531,1789,3
3557,3557,684,1789,2
3558,3558,991,1790,4
3559,3559,1094,1791,1
3560,3560,1434,1791,4
3561,3561,1888,1792,9
3562,3562,1567,1792,7
3563,3563,1521,1793,2
3564,3564,884,1794,9
3565,3565,893,1794,5
3566,3566,1346,1794,6
3567,3567,220,1795,2
3568,3568,791,1795,1
3569,3569,989,1796,8
3570,3570,345,1796,5
3571,3571,1835,1796,6
3572,3572,1262,1797,8
3573,3573,347,1797,1
3574,3574,1646,1798,1
3575,3575,1179,1798,5
3576,3576,1818,1798,2
3577,3577,1855,1799,2
3578,3578,702,1799,3
3579,3579,1072,1799,9
3580,3580,479,1800,9
3581,3581,644,1801,2
3582,3582,663,1801,7
3583,3583,828,1802,2
3584,3584,1206,1802,9
3585,3585,1525,1803,7
3586,3586,575,1804,1
3587,3587,1173,1804,6
3588,3588,1654,1804,6
3589,3589,1781,1805,1
3590,3590,1356,1805,7
3591,3591,1237,1806,8
3592,3592,52,1806,9
3593,3593,1089,1806,9
3594,3594,365,1807,10
3595,3595,1000,1807,6
3596,3596,1343,1808,2
3597,3597,1631,1808,1
3598,3598,32,1808,4
3599,3599,918,1809,5
3600,3600,1442,1809,1
3601,3601,573,1809,5
3602,3602,1204,1810,1
3603,3603,1526,1811,8
3604,3604,744,1811,8
3605,3605,367,1812,3
3606,3606,6,1813,5
3607,3607,373,1813,9
3608,3608,401,1813,4
3609,3609,1319,1814,1
3610,3610,1829,1814,7
3611,3611,875,1814,8
3612,3612,1204,1815,6
3613,3613,1764,1815,6
3614,3614,567,1815,9
3615,3615,1890,1816,10
3616,3616,750,1816,5
3617,3617,1730,1816,2
3618,3618,1294,1817,5
3619,3619,1414,1817,7
3620,3620,1784,1817,7
3621,3621,220,1818,6
3622,3622,1372,1818,9
3623,3623,323,1818,5
3624,3624,1047,1819,1
3625,3625,1672,1819,4
3626,3626,784,1819,8
3627,3627,584,1820,1
3628,3628,516,1820,9
3629,3629,1215,1820,6
3630,3630,1366,1821,5
3631,3631,447,1821,1
3632,3632,1385,1821,8
3633,3633,1685,1822,1
3634,3634,1036,1822,4
3635,3635,679,1822,2
3636,3636,1823,1823,2
3637,3637,115,1823,8
3638,3638,1747,1823,6
3639,3639,1221,1824,3
3640,3640,1810,1824,8
3641,3641,1508,1825,7
3642,3642,1476,1825,4
3643,3643,315,1826,6
3644,3644,950,1826,5
3645,3645,1348,1827,7
3646,3646,1521,1827,5
3647,3647,14,1827,9
3648,3648,1975,1828,8
3649,3649,68,1829,6
3650,3650,803,1829,4
3651,3651,1553,1830,7
3652,3652,1582,1831,2
3653,3653,791,1832,3
3654,3654,1515,1833,3
3655,3655,909,1834,1
3656,3656,719,1835,9
3657,3657,333,1836,8
3658,3658,1638,1837,2
3659,3659,1839,1837,5
3660,3660,537,1838,3
3661,3661,456,1838,1
3662,3662,906,1838,1
3663,3663,1406,1839,3
3664,3664,597,1840,2
3665,3665,1752,1840,6
3666,3666,1769,1841,2
3667,3667,1328,1842,9
3668,3668,920,1843,2
3669,3669,183,1843,7
3670,3670,1107,1844,2
3671,3671,468,1844,6
3672,3672,1411,1845,2
3673,3673,1221,1845,2
3674,3674,32,1846,4
3675,3675,787,1847,7
3676,3676,929,1847,6
3677,3677,510,1848,2
3678,3678,781,1848,8
3679,3679,926,1849,2
3680,3680,33,1849,3
3681,3681,1703,1849,4
3682,3682,955,1850,9
3683,3683,354,1850,9
3684,3684,1793,1850,8
3685,3685,1189,1851,7
3686,3686,35,1852,8
3687,3687,249,1853,10
3688,3688,1384,1853,2
3689,3689,591,1853,3
3690,3690,1791,1854,9
3691,3691,1605,1854,8
3692,3692,76,1854,4
3693,3693,204,1855,4
3694,3694,980,1855,7
3695,3695,252,1856,1
3696,3696,1957,1856,2
3697,3697,74,1857,7
3698,3698,1832,1857,4
3699,3699,728,1858,7
3700,3700,419,1859,6
3701,3701,632,1860,4
3702,3702,927,1860,10
3703,3703,1693,1860,1
3704,3704,248,1861,4
3705,3705,1344,1861,8
3706,3706,861,1861,1
3707,3707,619,1862,7
3708,3708,1028,1862,8
3709,3709,1113,1862,4
3710,3710,650,1863,4
3711,3711,1932,1863,4
3712,3712,875,1864,5
3713,3713,941,1865,4
3714,3714,1487,1866,8
3715,3715,130,1866,7
3716,3716,597,1866,7
3717,3717,218,1867,10
3718,3718,332,1868,2
3719,3719,462,1868,7
3720,3720,1334,1869,3
3721,3721,500,1869,9
3722,3722,934,1869,5
3723,3723,1945,1870,1
3724,3724,362,1870,8
3725,3725,125,1871,9
3726,3726,1168,1871,7
3727,3727,1813,1872,2
3728,3728,727,1872,6
3729,3729,1929,1872,6
3730,3730,1426,1873,1
3731,3731,1258,1873,3
3732,3732,1896,1874,3
3733,3733,660,1874,9
3734,3734,726,1875,4
3735,3735,1098,1876,1
3736,3736,456,1876,3
3737,3737,1359,1876,2
3738,3738,177,1877,10
3739,3739,505,1877,4
3740,3740,1527,1878,7
3741,3741,903,1878,4
3742,3742,1530,1878,10
3743,3743,1192,1879,10
3744,3744,617,1880,8
3745,3745,614,1881,9
3746,3746,1558,1882,5
3747,3747,917,1883,6
3748,3748,132,1883,5
3749,3749,561,1883,10
3750,3750,1743,1884,1
3751,3751,1557,1885,6
3752,3752,1398,1886,7
3753,3753,1308,1886,7
3754,3754,189,1887,7
3755,3755,1775,1888,1
3756,3756,275,1888,6
3757,3757,1754,1888,9
3758,3758,1558,1889,10
3759,3759,712,1889,10
3760,3760,49,1889,8
3761,3761,444,1890,6
3762,3762,613,1891,8
3763,3763,235,1892,1
3764,3764,1536,1892,7
3765,3765,383,1892,3
3766,3766,1958,1893,1
3767,3767,865,1893,10
3768,3768,1983,1894,1
3769,3769,1921,1894,7
3770,3770,986,1894,9
3771,3771,1848,1895,8
3772,3772,1556,1895,6
3773,3773,151,1895,8
3774,3774,1660,1896,6
3775,3775,807,1897,5
3776,3776,313,1897,2
3777,3777,1151,1898,3
3778,3778,1714,1898,1
3779,3779,1980,1898,6
3780,3780,1589,1899,10
3781,3781,1211,1900,10
3782,3782,1415,1901,10
3783,3783,1679,1901,3
3784,3784,11,1902,7
3785,3785,1879,1902,10
3786,3786,979,1902,8
3787,3787,857,1903,7
3788,3788,836,1903,5
3789,3789,1704,1903,8
3790,3790,1668,1904,6
3791,3791,447,1904,7
3792,3792,1578,1904,5
3793,3793,1149,1905,6
3794,3794,1400,1906,3
3795,3795,474,1906,9
3796,3796,1464,1906,9
3797,3797,511,1907,10
3798,3798,1269,1908,2
3799,3799,280,1908,2
3800,3800,1330,1908,6
3801,3801,1746,1909,4
3802,3802,436,1909,4
3803,3803,335,1910,9
3804,3804,478,1910,9
3805,3805,1852,1911,5
3806,3806,1793,1911,3
3807,3807,77,1912,5
3808,3808,415,1912,10
3809,3809,1836,1912,5
3810,3810,97,1913,2
3811,3811,1417,1913,8
3812,3812,1861,1914,6
3813,3813,1796,1915,5
3814,3814,662,1916,5
3815,3815,1201,1916,9
3816,3816,698,1916,9
3817,3817,1671,1917,8
3818,3818,1218,1918,5
3819,3819,1903,1918,6
3820,3820,900,1918,7
3821,3821,1437,1919,10
3822,3822,1355,1919,10
3823,3823,202,1919,1
3824,3824,1472,1920,5
3825,3825,100,1921,4
3826,3826,1330,1922,7
3827,3827,1594,1922,7
3828,3828,746,1923,7
3829,3829,1218,1924,9
3830,3830,1153,1924,2
3831,3831,1804,1924,9
3832,3832,847,1925,6
3833,3833,1524,1926,5
3834,3834,99,1927,1
3835,3835,680,1927,1
3836,3836,121,1927,4
3837,3837,992,1928,5
3838,3838,1658,1929,3
3839,3839,258,1929,2
3840,3840,1598,1930,4
3841,3841,1459,1930,4
3842,3842,1767,1930,10
3843,3843,739,1931,4
3844,3844,121,1931,10
3845,3845,164,1932,2
3846,3846,347,1933,10
3847,3847,688,1933,8
3848,3848,847,1933,3
3849,3849,68,1934,7
3850,3850,1026,1935,10
3851,3851,1239,1935,8
3852,3852,848,1936,10
3853,3853,653,1936,3
3854,3854,1563,1937,7
3855,3855,1814,1937,2
3856,3856,816,1937,10
3857,3857,1825,1938,10
3858,3858,943,1938,5
3859,3859,361,1938,4
3860,3860,1723,1939,6
3861,3861,411,1939,3
3862,3862,1880,1940,9
3863,3863,504,1941,1
3864,3864,600,1941,1
3865,3865,1896,1941,5
3866,3866,158,1942,10
3867,3867,122,1942,5
3868,3868,1870,1943,8
3869,3869,300,1944,4
3870,3870,112,1945,9
3871,3871,572,1946,8
3872,3872,367,1946,1
3873,3873,317,1946,1
3874,3874,280,1947,2
3875,3875,1973,1947,5
3876,3876,631,1948,7
3877,3877,263,1949,3
3878,3878,446,1949,5
3879,3879,1573,1950,3
3880,3880,1838,1950,9
3881,3881,744,1950,9
3882,3882,1612,1951,9
3883,3883,1074,1951,2
3884,3884,1846,1952,5
3885,3885,1434,1952,8
3886,3886,1253,1953,1
3887,3887,959,1953,6
3888,3888,598,1954,3
3889,3889,996,1954,2
3890,3890,986,1954,5
3891,3891,1081,1955,8
3892,3892,1825,1956,10
3893,3893,970,1956,3
3894,3894,10,1957,1
3895,3895,1598,1958,9
3896,3896,427,1959,2
3897,3897,1765,1960,6
3898,3898,1273,1960,10
3899,3899,485,1960,2
3900,3900,1047,1961,4
3901,3901,409,1961,10
3902,3902,1935,1961,7
3903,3903,340,1962,4
3904,3904,919,1962,3
3905,3905,947,1963,7
3906,3906,746,1963,5
3907,3907,1728,1964,6
3908,3908,1617,1965,3
3909,3909,1892,1966,4
3910,3910,657,1966,4
3911,3911,222,1966,9
3912,3912,655,1967,5
3913,3913,139,1968,2
3914,3914,1835,1968,1
3915,3915,1568,1969,7
3916,3916,869,1970,2
3917,3917,894,1970,4
3918,3918,627,1971,9
3919,3919,1504,1972,2
3920,3920,241,1973,6
3921,3921,1487,1974,9
3922,3922,777,1974,8
3923,3923,175,1974,9
3924,3924,429,1975,6
3925,3925,802,1976,4
3926,3926,143,1976,10
3927,3927,1243,1977,3
3928,3928,1552,1977,10
3929,3929,1174,1977,10
3930,3930,394,1978,6
3931,3931,1723,1978,10
3932,3932,387,1979,5
3933,3933,624,1979,6
3934,3934,1981,1979,10
3935,3935,673,1980,7
3936,3936,1115,1980,9
3937,3937,1536,1980,8
3938,3938,504,1981,5
3939,3939,1946,1981,7
3940,3940,1722,1981,10
3941,3941,591,1982,5
3942,3942,1143,1983,8
3943,3943,1423,1984,1
3944,3944,1118,1984,7
3945,3945,1362,1985,3
3946,3946,154,1986,1
3947,3947,26,1986,10
3948,3948,377,1986,3
3949,3949,1622,1987,1
3950,3950,1582,1987,8
3951,3951,998,1988,6
3952,3952,165,1988,1
3953,3953,623,1989,2
3954,3954,705,1990,9
3955,3955,1398,1990,10
3956,3956,953,1990,1
3957,3957,952,1991,9
3958,3958,756,1991,8
3959,3959,1797,1991,2
3960,3960,1924,1992,1
3961,3961,30,1992,6
3962,3962,808,1993,10
3963,3963,128,1993,1
3964,3964,1821,1993,1
3965,3965,1872,1994,3
3966,3966,1396,1994,9
3967,3967,1596,1994,4
3968,3968,742,1995,6
3969,3969,1060,1996,8
3970,3970,1484,1997,8
3971,3971,1711,1997,4
3972,3972,1984,1998,4
3973,3973,186,1998,5
3974,3974,1869,1998,7
3975,3975,1087,1999,2
3976,3976,674,1999,10
3977,3977,154,1999,2
3978,3978,892,2000,7
