#,id,user_id,created
1,1,323,2025-05-12 00:00:00
2,2,853,2026-11-17 00:00:00
3,3,1251,2025-01-10 00:00:00
4,4,96,2023-02-27 00:00:00
5,5,1197,2026-09-13 00:00:00
6,6,1885,2023-07-03 00:00:00
7,7,1651,2023-07-03 00:00:00
8,8,334,2024-01-26 00:00:00
9,9,196,2024-07-24 00:00:00
10,10,1146,2024-03-20 00:00:00
11,11,190,2025-12-08 00:00:00
12,12,1151,2026-05-02 00:00:00
13,13,844,2025-07-17 00:00:00
14,14,5,2026-04-15 00:00:00
15,15,1389,2026-05-12 00:00:00
16,16,60,2023-06-04 00:00:00
17,17,213,2026-07-23 00:00:00
18,18,1009,2026-08-08 00:00:00
19,19,1279,2024-05-28 00:00:00
20,20,1665,2023-08-01 00:00:00
21,21,1375,2023-11-25 00:00:00
22,22,255,2025-08-17 00:00:00
23,23,796,2025-05-18 00:00:00
24,24,625,2026-07-07 00:00:00
25,25,1571,2024-10-07 00:00:00
26,26,327,2023-06-19 00:00:00
27,27,882,2024-02-03 00:00:00
28,28,115,2026-12-04 00:00:00
29,29,861,2026-02-23 00:00:00
30,30,254,2025-05-26 00:00:00
31,31,93,2026-08-18 00:00:00
32,32,238,2025-07-19 00:00:00
33,33,1411,2023-06-13 00:00:00
34,34,107,2024-11-20 00:00:00
35,35,1665,2023-07-14 00:00:00
36,36,221,2026-07-01 00:00:00
37,37,416,2025-11-05 00:00:00
38,38,1441,2026-11-05 00:00:00
39,39,1553,2024-01-16 00:00:00
40,40,1183,2024-06-25 00:00:00
41,41,389,2025-10-17 00:00:00
42,42,1450,2024-10-18 00:00:00
43,43,531,2023-06-12 00:00:00
44,44,1591,2024-05-27 00:00:00
45,45,278,2025-12-25 00:00:00
46,46,828,2023-04-09 00:00:00
47,47,1612,2025-08-03 00:00:00
48,48,1368,2025-03-09 00:00:00
49,49,1724,2026-08-06 00:00:00
50,50,290,2023-12-31 00:00:00
51,51,1344,2023-06-09 00:00:00
52,52,274,2026-05-02 00:00:00
53,53,1997,2026-09-12 00:00:00
54,54,1946,2026-09-16 00:00:00
55,55,1387,2025-02-07 00:00:00
56,56,1379,2023-11-03 00:00:00
57,57,1979,2024-01-21 00:00:00
58,58,5,2023-06-05 00:00:00
59,59,140,2025-08-17 00:00:00
60,60,277,2023-04-17 00:00:00
61,61,1108,2025-09-27 00:00:00
62,62,1172,2026-02-27 00:00:00
63,63,1639,2026-01-14 00:00:00
64,64,147,2024-11-27 00:00:00
65,65,725,2024-10-26 00:00:00
66,66,45,2023-06-01 00:00:00
67,67,355,2024-04-07 00:00:00
68,68,1996,2025-01-07 00:00:00
69,69,1256,2023-08-10 00:00:00
70,70,1048,2025-06-02 00:00:00
71,71,335,2023-05-20 00:00:00
72,72,1391,2024-01-18 00:00:00
73,73,675,2025-02-19 00:00:00
74,74,1048,2024-04-28 00:00:00
75,75,1457,2026-02-21 00:00:00
76,76,59,2025-05-23 00:00:00
77,77,1407,2026-09-06 00:00:00
78,78,1983,2026-04-04 00:00:00
79,79,1907,2023-02-16 00:00:00
80,80,781,2026-08-01 00:00:00
81,81,1592,2025-10-15 00:00:00
82,82,548,2024-06-23 00:00:00
83,83,1158,2024-05-07 00:00:00
84,84,1714,2025-08-25 00:00:00
85,85,1470,2024-11-20 00:00:00
86,86,1341,2024-10-11 00:00:00
87,87,1182,2026-12-05 00:00:00
88,88,1634,2025-03-20 00:00:00
89,89,1084,2023-01-30 00:00:00
90,90,816,2026-06-08 00:00:00
91,91,967,2024-09-25 00:00:00
92,92,1030,2026-08-26 00:00:00
93,93,69,2024-05-29 00:00:00
94,94,1747,2025-03-08 00:00:00
95,95,76,2024-07-26 00:00:00
96,96,597,2026-11-18 00:00:00
97,97,1599,2024-12-21 00:00:00
98,98,1364,2026-10-21 00:00:00
99,99,1686,2026-06-27 00:00:00
100,100,1069,2024-04-17 00:00:00
101,101,1128,2024-06-05 00:00:00
102,102,1510,2026-04-20 00:00:00
103,103,1018,2025-11-08 00:00:00
104,104,1590,2024-04-09 00:00:00
105,105,342,2023-09-28 00:00:00
106,106,1286,2026-03-24 00:00:00
107,107,273,2026-06-27 00:00:00
108,108,688,2024-05-07 00:00:00
109,109,838,2023-12-09 00:00:00
110,110,636,2023-02-15 00:00:00
111,111,446,2023-08-31 00:00:00
112,112,349,2024-02-20 00:00:00
113,113,772,2023-09-15 00:00:00
114,114,586,2024-03-27 00:00:00
115,115,1118,2025-09-24 00:00:00
116,116,1000,2026-06-05 00:00:00
117,117,52,2025-09-09 00:00:00
118,118,1405,2023-07-21 00:00:00
119,119,877,2026-01-22 00:00:00
120,120,550,2025-09-25 00:00:00
121,121,1969,2026-01-22 00:00:00
122,122,1663,2024-05-13 00:00:00
123,123,1787,2026-12-18 00:00:00
124,124,1649,2025-01-05 00:00:00
125,125,530,2026-05-01 00:00:00
126,126,51,2026-02-04 00:00:00
127,127,1582,2025-04-14 00:00:00
128,128,1851,2026-08-27 00:00:00
129,129,1768,2025-07-15 00:00:00
130,130,1962,2025-12-21 00:00:00
131,131,738,2023-09-26 00:00:00
132,132,598,2024-08-10 00:00:00
133,133,676,2025-04-05 00:00:00
134,134,1288,2025-12-02 00:00:00
135,135,384,2023-10-30 00:00:00
136,136,234,2024-10-23 00:00:00
137,137,1983,2026-12-16 00:00:00
138,138,648,2026-05-19 00:00:00
139,139,1621,2023-11-16 00:00:00
140,140,1282,2023-02-17 00:00:00
141,141,1500,2025-02-24 00:00:00
142,142,1069,2023-12-05 00:00:00
143,143,1292,2026-08-28 00:00:00
144,144,1729,2024-01-26 00:00:00
145,145,589,2024-01-25 00:00:00
146,146,986,2026-09-07 00:00:00
147,147,1391,2026-12-01 00:00:00
148,148,535,2026-12-05 00:00:00
149,149,1195,2024-12-03 00:00:00
150,150,634,2023-09-22 00:00:00
151,151,1248,2025-10-07 00:00:00
152,152,1552,2023-02-15 00:00:00
153,153,1775,2025-05-09 00:00:00
154,154,745,2026-07-18 00:00:00
155,155,774,2023-03-15 00:00:00
156,156,82,2026-10-19 00:00:00
157,157,172,2025-07-27 00:00:00
158,158,960,2025-06-07 00:00:00
159,159,273,2026-02-06 00:00:00
160,160,1511,2024-09-17 00:00:00
161,161,1717,2023-09-03 00:00:00
162,162,1813,2026-06-06 00:00:00
163,163,26,2025-07-24 00:00:00
164,164,1660,2024-04-17 00:00:00
165,165,1015,2026-02-25 00:00:00
166,166,366,2024-04-13 00:00:00
167,167,112,2024-08-29 00:00:00
168,168,1654,2023-04-17 00:00:00
169,169,1730,2026-09-21 00:00:00
170,170,1932,2024-03-10 00:00:00
171,171,401,2025-11-16 00:00:00
172,172,274,2025-03-06 00:00:00
173,173,1559,2023-01-08 00:00:00
174,174,700,2023-08-01 00:00:00
175,175,1134,2024-07-11 00:00:00
176,176,1668,2023-05-13 00:00:00
177,177,1252,2024-01-18 00:00:00
178,178,620,2024-09-15 00:00:00
179,179,1894,2023-08-15 00:00:00
180,180,1106,2025-08-19 00:00:00
181,181,54,2024-03-18 00:00:00
182,182,632,2026-04-26 00:00:00
183,183,796,2025-04-11 00:00:00
184,184,866,2026-03-06 00:00:00
185,185,878,2026-03-24 00:00:00
186,186,1023,2025-10-29 00:00:00
187,187,329,2023-11-23 00:00:00
188,188,763,2025-01-19 00:00:00
189,189,499,2026-11-05 00:00:00
190,190,1370,2023-03-25 00:00:00
191,191,123,2025-11-04 00:00:00
192,192,345,2023-01-04 00:00:00
193,193,565,2023-06-28 00:00:00
194,194,306,2026-10-05 00:00:00
195,195,669,2026-07-25 00:00:00
196,196,1190,2024-10-09 00:00:00
197,197,1242,2026-08-05 00:00:00
198,198,639,2026-01-10 00:00:00
199,199,569,2026-08-05 00:00:00
200,200,139,2023-04-14 00:00:00
201,201,491,2026-01-26 00:00:00
202,202,1607,2025-06-17 00:00:00
203,203,898,2025-09-19 00:00:00
204,204,398,2026-03-17 00:00:00
205,205,837,2026-12-16 00:00:00
206,206,1963,2025-11-11 00:00:00
207,207,1937,2026-10-21 00:00:00
208,208,1447,2025-01-31 00:00:00
209,209,404,2024-03-28 00:00:00
210,210,998,2026-07-31 00:00:00
211,211,625,2025-03-09 00:00:00
212,212,1809,2023-05-16 00:00:00
213,213,1341,2024-02-02 00:00:00
214,214,760,2024-04-18 00:00:00
215,215,1748,2025-09-08 00:00:00
216,216,1244,2023-05-23 00:00:00
217,217,1091,2023-01-21 00:00:00
218,218,1807,2026-12-21 00:00:00
219,219,675,2023-10-21 00:00:00
220,220,241,2026-07-28 00:00:00
221,221,1964,2026-02-16 00:00:00
222,222,1942,2026-10-12 00:00:00
223,223,1895,2023-04-26 00:00:00
224,224,1505,2024-06-03 00:00:00
225,225,112,2026-09-07 00:00:00
226,226,577,2026-09-26 00:00:00
227,227,1848,2026-08-24 00:00:00
228,228,886,2024-03-05 00:00:00
229,229,483,2023-02-10 00:00:00
230,230,1275,2026-07-27 00:00:00
231,231,1563,2026-06-06 00:00:00
232,232,1438,2024-03-12 00:00:00
233,233,1494,2023-07-22 00:00:00
234,234,1056,2025-12-23 00:00:00
235,235,793,2024-04-15 00:00:00
236,236,1119,2024-02-04 00:00:00
237,237,1404,2026-09-25 00:00:00
238,238,1882,2026-09-22 00:00:00
239,239,1287,2025-02-20 00:00:00
240,240,1999,2024-12-05 00:00:00
241,241,1262,2023-09-15 00:00:00
242,242,1465,2024-05-13 00:00:00
243,243,75,2023-06-25 00:00:00
244,244,1608,2024-12-20 00:00:00
245,245,1571,2026-02-05 00:00:00
246,246,10,2025-11-06 00:00:00
247,247,880,2026-02-28 00:00:00
248,248,1014,2024-04-04 00:00:00
249,249,563,2023-03-29 00:00:00
250,250,1982,2025-03-30 00:00:00
251,251,1045,2026-02-14 00:00:00
252,252,1638,2024-06-17 00:00:00
253,253,900,2026-08-25 00:00:00
254,254,1710,2026-01-02 00:00:00
255,255,247,2023-05-14 00:00:00
256,256,1546,2026-10-16 00:00:00
257,257,1117,2024-06-23 00:00:00
258,258,1379,2024-12-17 00:00:00
259,259,1338,2023-08-03 00:00:00
260,260,1945,2023-02-02 00:00:00
261,261,154,2025-12-04 00:00:00
262,262,1613,2026-04-05 00:00:00
263,263,296,2025-03-28 00:00:00
264,264,1227,2026-06-02 00:00:00
265,265,959,2023-02-27 00:00:00
266,266,1083,2026-10-01 00:00:00
267,267,778,2023-11-20 00:00:00
268,268,515,2026-08-06 00:00:00
269,269,1656,2026-05-27 00:00:00
270,270,497,2026-05-15 00:00:00
271,271,883,2026-06-15 00:00:00
272,272,197,2024-06-11 00:00:00
273,273,1003,2024-12-16 00:00:00
274,274,1917,2024-05-29 00:00:00
275,275,243,2025-09-14 00:00:00
276,276,554,2023-07-24 00:00:00
277,277,1528,2026-08-19 00:00:00
278,278,1282,2024-01-14 00:00:00
279,279,783,2024-12-02 00:00:00
280,280,893,2026-11-02 00:00:00
281,281,1700,2023-06-21 00:00:00
282,282,41,2024-02-21 00:00:00
283,283,935,2026-12-02 00:00:00
284,284,1887,2023-03-25 00:00:00
285,285,687,2023-10-19 00:00:00
286,286,1752,2025-01-16 00:00:00
287,287,1587,2026-08-22 00:00:00
288,288,1797,2025-11-01 00:00:00
289,289,56,2024-03-22 00:00:00
290,290,1278,2026-08-03 00:00:00
291,291,1856,2026-10-14 00:00:00
292,292,1769,2026-03-03 00:00:00
293,293,1884,2023-06-30 00:00:00
294,294,1868,2026-05-29 00:00:00
295,295,492,2025-04-01 00:00:00
296,296,1544,2024-02-03 00:00:00
297,297,1774,2026-07-13 00:00:00
298,298,39,2023-02-11 00:00:00
299,299,1600,2023-06-08 00:00:00
300,300,976,2023-01-13 00:00:00
301,301,98,2024-07-10 00:00:00
302,302,421,2023-10-07 00:00:00
303,303,23,2023-08-19 00:00:00
304,304,1740,2024-01-27 00:00:00
305,305,604,2026-10-17 00:00:00
306,306,374,2023-03-28 00:00:00
307,307,1062,2025-07-23 00:00:00
308,308,1684,2025-12-01 00:00:00
309,309,318,2023-07-20 00:00:00
310,310,64,2024-06-08 00:00:00
311,311,1005,2024-02-09 00:00:00
312,312,530,2026-06-25 00:00:00
313,313,1899,2023-01-14 00:00:00
314,314,1230,2023-09-14 00:00:00
315,315,1131,2025-11-04 00:00:00
316,316,797,2024-10-03 00:00:00
317,317,1402,2026-09-21 00:00:00
318,318,191,2026-07-20 00:00:00
319,319,1890,2025-12-21 00:00:00
320,320,1184,2026-12-11 00:00:00
321,321,1985,2025-10-04 00:00:00
322,322,242,2026-12-17 00:00:00
323,323,198,2024-02-29 00:00:00
324,324,1136,2024-10-15 00:00:00
325,325,1636,2023-10-22 00:00:00
326,326,1840,2026-05-04 00:00:00
327,327,89,2026-05-17 00:00:00
328,328,847,2025-08-25 00:00:00
329,329,757,2025-03-10 00:00:00
330,330,1892,2023-12-11 00:00:00
331,331,1297,2023-04-26 00:00:00
332,332,1093,2025-11-27 00:00:00
333,333,1189,2025-08-14 00:00:00
334,334,632,2023-03-02 00:00:00
335,335,664,2026-03-21 00:00:00
336,336,68,2026-06-16 00:00:00
337,337,1451,2026-12-13 00:00:00
338,338,852,2026-12-02 00:00:00
339,339,324,2025-12-01 00:00:00
340,340,853,2025-03-26 00:00:00
341,341,602,2025-09-09 00:00:00
342,342,116,2023-12-24 00:00:00
343,343,1419,2026-03-26 00:00:00
344,344,1904,2026-01-07 00:00:00
345,345,1867,2023-11-28 00:00:00
346,346,1997,2026-10-13 00:00:00
347,347,259,2026-05-26 00:00:00
348,348,125,2023-09-18 00:00:00
349,349,115,2025-06-29 00:00:00
350,350,800,2026-02-01 00:00:00
351,351,948,2026-09-16 00:00:00
352,352,1189,2024-07-10 00:00:00
353,353,371,2023-06-23 00:00:00
354,354,1572,2025-10-07 00:00:00
355,355,1995,2024-01-04 00:00:00
356,356,856,2024-03-08 00:00:00
357,357,1098,2025-03-15 00:00:00
358,358,228,2026-10-05 00:00:00
359,359,761,2024-02-26 00:00:00
360,360,923,2026-04-10 00:00:00
361,361,581,2024-05-14 00:00:00
362,362,1390,2025-12-23 00:00:00
363,363,702,2025-08-08 00:00:00
364,364,769,2024-05-30 00:00:00
365,365,40,2025-02-16 00:00:00
366,366,384,2024-02-25 00:00:00
367,367,392,2025-11-04 00:00:00
368,368,369,2025-03-18 00:00:00
369,369,1172,2023-04-01 00:00:00
370,370,117,2023-02-06 00:00:00
371,371,102,2026-11-07 00:00:00
372,372,229,2023-04-30 00:00:00
373,373,1369,2026-09-15 00:00:00
374,374,117,2023-09-08 00:00:00
375,375,1725,2025-01-12 00:00:00
376,376,1143,2026-10-04 00:00:00
377,377,451,2025-09-24 00:00:00
378,378,944,2023-06-11 00:00:00
379,379,1386,2025-01-21 00:00:00
380,380,1073,2024-05-13 00:00:00
381,381,1209,2024-07-04 00:00:00
382,382,970,2023-03-04 00:00:00
383,383,1966,2026-12-26 00:00:00
384,384,128,2024-04-11 00:00:00
385,385,1552,2025-09-10 00:00:00
386,386,1004,2023-11-04 00:00:00
387,387,1573,2025-01-22 00:00:00
388,388,1367,2024-01-02 00:00:00
389,389,1172,2025-04-11 00:00:00
390,390,928,2025-01-12 00:00:00
391,391,641,2026-11-21 00:00:00
392,392,1848,2025-12-25 00:00:00
393,393,867,2026-01-15 00:00:00
394,394,146,2023-04-17 00:00:00
395,395,947,2024-10-01 00:00:00
396,396,400,2026-08-17 00:00:00
397,397,250,2025-05-04 00:00:00
398,398,927,2023-10-28 00:00:00
399,399,1222,2026-02-17 00:00:00
400,400,295,2024-11-02 00:00:00
401,401,57,2024-05-03 00:00:00
402,402,1500,2026-11-19 00:00:00
403,403,873,2025-10-21 00:00:00
404,404,673,2023-09-02 00:00:00
405,405,440,2024-03-17 00:00:00
406,406,1786,2023-06-18 00:00:00
407,407,1572,2024-06-06 00:00:00
408,408,1708,2023-07-01 00:00:00
409,409,143,2026-11-27 00:00:00
410,410,531,2024-09-19 00:00:00
411,411,106,2023-06-04 00:00:00
412,412,923,2023-03-30 00:00:00
413,413,1870,2024-11-15 00:00:00
414,414,671,2026-09-17 00:00:00
415,415,1672,2023-10-23 00:00:00
416,416,1501,2023-05-24 00:00:00
417,417,910,2024-01-06 00:00:00
418,418,1853,2024-05-31 00:00:00
419,419,1899,2024-10-17 00:00:00
420,420,1683,2023-12-18 00:00:00
421,421,1195,2025-09-16 00:00:00
422,422,1718,2023-11-21 00:00:00
423,423,1054,2024-06-23 00:00:00
424,424,1408,2023-04-11 00:00:00
425,425,194,2025-10-14 00:00:00
426,426,409,2026-06-19 00:00:00
427,427,1619,2024-05-23 00:00:00
428,428,298,2024-03-13 00:00:00
429,429,1152,2023-03-30 00:00:00
430,430,505,2026-03-13 00:00:00
431,431,611,2024-04-04 00:00:00
432,432,724,2025-01-17 00:00:00
433,433,1605,2026-09-15 00:00:00
434,434,1835,2026-11-08 00:00:00
435,435,1599,2024-03-13 00:00:00
436,436,1585,2025-02-19 00:00:00
437,437,1419,2024-09-07 00:00:00
438,438,816,2024-04-03 00:00:00
439,439,63,2025-12-15 00:00:00
440,440,165,2025-12-28 00:00:00
441,441,1218,2023-02-24 00:00:00
442,442,31,2026-08-08 00:00:00
443,443,618,2024-11-03 00:00:00
444,444,1292,2023-05-21 00:00:00
445,445,1501,2023-07-19 00:00:00
446,446,839,2023-01-26 00:00:00
447,447,1052,2023-03-15 00:00:00
448,448,1358,2026-09-23 00:00:00
449,449,1321,2023-10-21 00:00:00
450,450,453,2026-11-03 00:00:00
451,451,1821,2023-05-12 00:00:00
452,452,1979,2025-04-23 00:00:00
453,453,388,2025-11-06 00:00:00
454,454,952,2023-01-14 00:00:00
455,455,1909,2023-12-26 00:00:00
456,456,470,2026-01-01 00:00:00
457,457,1422,2023-11-30 00:00:00
458,458,264,2026-02-28 00:00:00
459,459,216,2026-07-16 00:00:00
460,460,794,2024-09-16 00:00:00
461,461,1282,2026-08-23 00:00:00
462,462,1941,2025-11-02 00:00:00
463,463,1813,2025-10-31 00:00:00
464,464,698,2025-05-16 00:00:00
465,465,1431,2023-12-06 00:00:00
466,466,1912,2023-03-04 00:00:00
467,467,519,2026-12-27 00:00:00
468,468,592,2024-05-07 00:00:00
469,469,72,2025-04-17 00:00:00
470,470,1171,2024-02-28 00:00:00
471,471,1623,2026-09-27 00:00:00
472,472,378,2026-04-05 00:00:00
473,473,100,2025-06-22 00:00:00
474,474,130,2026-02-26 00:00:00
475,475,65,2024-09-06 00:00:00
476,476,348,2026-01-18 00:00:00
477,477,1372,2025-10-08 00:00:00
478,478,50,2025-08-31 00:00:00
479,479,105,2025-08-08 00:00:00
480,480,609,2026-06-03 00:00:00
481,481,434,2024-10-03 00:00:00
482,482,1725,2023-06-12 00:00:00
483,483,1821,2025-10-05 00:00:00
484,484,634,2026-07-08 00:00:00
485,485,832,2024-01-16 00:00:00
486,486,1924,2023-01-15 00:00:00
487,487,1369,2023-05-07 00:00:00
488,488,1052,2025-02-13 00:00:00
489,489,9,2023-09-24 00:00:00
490,490,931,2025-12-13 00:00:00
491,491,1534,2025-05-12 00:00:00
492,492,1691,2026-08-18 00:00:00
493,493,1152,2024-03-14 00:00:00
494,494,1230,2024-03-05 00:00:00
495,495,855,2025-07-19 00:00:00
496,496,1317,2024-09-29 00:00:00
497,497,707,2023-08-12 00:00:00
498,498,1027,2024-09-16 00:00:00
499,499,129,2026-06-27 00:00:00
500,500,638,2024-10-04 00:00:00
501,501,1602,2026-07-15 00:00:00
502,502,1055,2025-09-01 00:00:00
503,503,851,2026-06-26 00:00:00
504,504,1299,2026-03-16 00:00:00
505,505,1169,2025-11-25 00:00:00
506,506,142,2024-10-04 00:00:00
507,507,662,2023-04-04 00:00:00
508,508,965,2026-02-15 00:00:00
509,509,1806,2026-08-19 00:00:00
510,510,1408,2026-07-13 00:00:00
511,511,674,2025-06-05 00:00:00
512,512,1072,2025-04-22 00:00:00
513,513,1150,2026-11-12 00:00:00
514,514,1499,2024-02-07 00:00:00
515,515,1320,2024-09-02 00:00:00
516,516,1400,2025-11-04 00:00:00
517,517,840,2026-11-17 00:00:00
518,518,807,2023-02-25 00:00:00
519,519,1925,2024-05-02 00:00:00
520,520,1738,2023-07-26 00:00:00
521,521,954,2023-02-12 00:00:00
522,522,975,2025-01-01 00:00:00
523,523,188,2025-10-25 00:00:00
524,524,1661,2026-05-11 00:00:00
525,525,895,2026-02-15 00:00:00
526,526,57,2023-02-10 00:00:00
527,527,1962,2023-12-02 00:00:00
528,528,176,2026-08-07 00:00:00
529,529,275,2024-05-26 00:00:00
530,530,355,2025-05-14 00:00:00
531,531,1331,2025-12-15 00:00:00
532,532,503,2026-10-23 00:00:00
533,533,1589,2023-11-14 00:00:00
534,534,991,2025-02-22 00:00:00
535,535,754,2025-04-21 00:00:00
536,536,1784,2023-01-10 00:00:00
537,537,571,2026-07-16 00:00:00
538,538,559,2024-06-28 00:00:00
539,539,1403,2026-08-23 00:00:00
540,540,1751,2023-08-26 00:00:00
541,541,399,2024-08-05 00:00:00
542,542,1003,2023-09-15 00:00:00
543,543,701,2026-12-18 00:00:00
544,544,1333,2026-05-23 00:00:00
545,545,94,2023-03-30 00:00:00
546,546,938,2025-05-13 00:00:00
547,547,652,2023-01-14 00:00:00
548,548,540,2026-03-17 00:00:00
549,549,1413,2023-02-11 00:00:00
550,550,379,2023-10-18 00:00:00
551,551,1839,2025-04-03 00:00:00
552,552,694,2024-10-03 00:00:00
553,553,712,2026-04-11 00:00:00
554,554,1400,2024-05-12 00:00:00
555,555,336,2024-03-06 00:00:00
556,556,1646,2026-12-10 00:00:00
557,557,590,2024-05-01 00:00:00
558,558,423,2025-01-15 00:00:00
559,559,1957,2023-09-23 00:00:00
560,560,239,2023-11-24 00:00:00
561,561,1454,2026-05-06 00:00:00
562,562,188,2025-11-02 00:00:00
563,563,1965,2023-08-08 00:00:00
564,564,135,2023-10-11 00:00:00
565,565,948,2024-11-24 00:00:00
566,566,1712,2025-11-22 00:00:00
567,567,1061,2025-06-26 00:00:00
568,568,1567,2023-06-06 00:00:00
569,569,1975,2024-11-29 00:00:00
570,570,1526,2023-11-18 00:00:00
571,571,586,2026-03-16 00:00:00
572,572,641,2025-09-25 00:00:00
573,573,1587,2025-05-24 00:00:00
574,574,290,2024-02-17 00:00:00
575,575,671,2023-06-18 00:00:00
576,576,1187,2026-03-01 00:00:00
577,577,1410,2024-07-17 00:00:00
578,578,138,2026-04-08 00:00:00
579,579,1592,2025-10-23 00:00:00
580,580,1334,2026-12-24 00:00:00
581,581,1992,2026-02-18 00:00:00
582,582,1194,2023-02-08 00:00:00
583,583,1349,2023-11-27 00:00:00
584,584,1850,2026-11-07 00:00:00
585,585,1966,2026-07-28 00:00:00
586,586,559,2024-11-21 00:00:00
587,587,1897,2023-11-12 00:00:00
588,588,837,2024-07-06 00:00:00
589,589,566,2023-04-16 00:00:00
590,590,1048,2025-08-02 00:00:00
591,591,1027,2023-05-19 00:00:00
592,592,592,2026-07-08 00:00:00
593,593,362,2025-07-07 00:00:00
594,594,169,2025-05-24 00:00:00
595,595,1681,2025-11-14 00:00:00
596,596,697,2023-11-29 00:00:00
597,597,936,2026-11-29 00:00:00
598,598,211,2023-08-22 00:00:00
599,599,323,2026-05-16 00:00:00
600,600,1878,2026-06-30 00:00:00
601,601,1257,2026-09-13 00:00:00
602,602,67,2025-10-28 00:00:00
603,603,1435,2023-01-10 00:00:00
604,604,112,2023-04-10 00:00:00
605,605,1509,2026-10-06 00:00:00
606,606,1400,2023-01-19 00:00:00
607,607,1105,2025-12-05 00:00:00
608,608,1763,2023-12-15 00:00:00
609,609,1780,2025-11-27 00:00:00
610,610,1999,2024-02-12 00:00:00
611,611,1484,2026-02-19 00:00:00
612,612,347,2026-12-01 00:00:00
613,613,1088,2025-09-27 00:00:00
614,614,1609,2025-03-22 00:00:00
615,615,902,2023-07-24 00:00:00
616,616,1706,2025-04-22 00:00:00
617,617,1500,2026-03-02 00:00:00
618,618,1231,2026-02-24 00:00:00
619,619,515,2023-03-12 00:00:00
620,620,1019,2023-04-04 00:00:00
621,621,1227,2023-04-28 00:00:00
622,622,453,2024-12-24 00:00:00
623,623,1517,2023-04-17 00:00:00
624,624,229,2023-05-20 00:00:00
625,625,1849,2025-01-16 00:00:00
626,626,632,2026-07-15 00:00:00
627,627,570,2025-03-31 00:00:00
628,628,795,2024-01-15 00:00:00
629,629,1585,2023-06-24 00:00:00
630,630,1387,2026-12-19 00:00:00
631,631,965,2026-08-12 00:00:00
632,632,1558,2025-12-24 00:00:00
633,633,1075,2023-05-08 00:00:00
634,634,786,2023-02-10 00:00:00
635,635,126,2026-10-04 00:00:00
636,636,934,2024-12-18 00:00:00
637,637,739,2024-11-05 00:00:00
638,638,1804,2026-02-25 00:00:00
639,639,1028,2025-11-29 00:00:00
640,640,1911,2024-09-24 00:00:00
641,641,1851,2026-07-20 00:00:00
642,642,401,2023-12-13 00:00:00
643,643,267,2023-12-21 00:00:00
644,644,428,2026-03-01 00:00:00
645,645,682,2025-01-11 00:00:00
646,646,1587,2025-01-02 00:00:00
647,647,406,2025-10-04 00:00:00
648,648,162,2025-01-04 00:00:00
649,649,245,2023-10-30 00:00:00
650,650,1580,2026-01-26 00:00:00
651,651,899,2024-10-20 00:00:00
652,652,860,2024-01-25 00:00:00
653,653,846,2023-03-10 00:00:00
654,654,1059,2023-01-08 00:00:00
655,655,1838,2026-09-25 00:00:00
656,656,796,2024-07-02 00:00:00
657,657,481,2026-03-02 00:00:00
658,658,550,2025-01-22 00:00:00
659,659,197,2026-08-31 00:00:00
660,660,95,2025-01-30 00:00:00
661,661,576,2026-05-16 00:00:00
662,662,1068,2024-02-06 00:00:00
663,663,262,2025-04-25 00:00:00
664,664,366,2023-11-09 00:00:00
665,665,184,2025-05-19 00:00:00
666,666,458,2023-07-04 00:00:00
667,667,102,2025-06-29 00:00:00
668,668,166,2024-01-20 00:00:00
669,669,944,2024-06-19 00:00:00
670,670,1046,2024-07-03 00:00:00
671,671,358,2024-01-03 00:00:00
672,672,90,2025-06-19 00:00:00
673,673,1296,2023-08-22 00:00:00
674,674,534,2025-11-15 00:00:00
675,675,1823,2025-02-08 00:00:00
676,676,1303,2025-02-02 00:00:00
677,677,394,2025-01-12 00:00:00
678,678,91,2026-12-10 00:00:00
679,679,627,2025-10-20 00:00:00
680,680,1534,2026-09-05 00:00:00
681,681,49,2023-03-03 00:00:00
682,682,1043,2024-04-19 00:00:00
683,683,1378,2026-09-13 00:00:00
684,684,1693,2023-01-31 00:00:00
685,685,217,2026-03-01 00:00:00
686,686,994,2026-06-13 00:00:00
687,687,324,2024-02-13 00:00:00
688,688,888,2025-05-03 00:00:00
689,689,548,2024-07-04 00:00:00
690,690,1934,2024-06-29 00:00:00
691,691,1607,2026-05-26 00:00:00
692,692,1298,2023-02-19 00:00:00
693,693,60,2026-11-17 00:00:00
694,694,392,2024-02-09 00:00:00
695,695,325,2023-02-23 00:00:00
696,696,1033,2026-03-20 00:00:00
697,697,1446,2025-02-06 00:00:00
698,698,1123,2024-09-14 00:00:00
699,699,624,2024-08-23 00:00:00
700,700,946,2024-05-25 00:00:00
701,701,90,2026-03-15 00:00:00
702,702,252,2025-03-04 00:00:00
703,703,1497,2026-01-26 00:00:00
704,704,589,2026-08-13 00:00:00
705,705,1027,2026-01-24 00:00:00
706,706,1895,2024-07-20 00:00:00
707,707,272,2023-10-23 00:00:00
708,708,1196,2025-06-21 00:00:00
709,709,562,2026-08-20 00:00:00
710,710,506,2025-05-24 00:00:00
711,711,1296,2023-09-18 00:00:00
712,712,248,2026-11-06 00:00:00
713,713,1391,2025-03-24 00:00:00
714,714,585,2023-08-06 00:00:00
715,715,1896,2023-03-17 00:00:00
716,716,1750,2026-10-24 00:00:00
717,717,470,2026-02-01 00:00:00
718,718,366,2025-05-28 00:00:00
719,719,285,2023-05-09 00:00:00
720,720,1486,2023-05-20 00:00:00
721,721,1495,2025-01-10 00:00:00
722,722,1238,2024-12-21 00:00:00
723,723,347,2026-07-01 00:00:00
724,724,491,2023-10-27 00:00:00
725,725,302,2025-10-03 00:00:00
726,726,1635,2025-04-30 00:00:00
727,727,186,2026-09-11 00:00:00
728,728,914,2024-11-07 00:00:00
729,729,1621,2025-10-21 00:00:00
730,730,693,2024-09-09 00:00:00
731,731,1616,2025-01-04 00:00:00
732,732,1462,2024-09-17 00:00:00
733,733,582,2023-02-28 00:00:00
734,734,14,2026-04-25 00:00:00
735,735,1055,2023-12-08 00:00:00
736,736,1466,2026-01-12 00:00:00
737,737,925,2023-04-16 00:00:00
738,738,508,2023-05-31 00:00:00
739,739,722,2024-01-12 00:00:00
740,740,794,2025-03-27 00:00:00
741,741,374,2023-05-31 00:00:00
742,742,1,2024-06-30 00:00:00
743,743,1828,2026-01-16 00:00:00
744,744,1306,2023-01-07 00:00:00
745,745,1861,2024-07-02 00:00:00
746,746,608,2023-10-27 00:00:00
747,747,1083,2026-07-12 00:00:00
748,748,1382,2025-03-01 00:00:00
749,749,686,2024-10-09 00:00:00
750,750,1633,2024-08-21 00:00:00
751,751,524,2023-05-29 00:00:00
752,752,490,2025-08-23 00:00:00
753,753,533,2026-05-14 00:00:00
754,754,1868,2026-12-28 00:00:00
755,755,632,2024-02-20 00:00:00
756,756,1292,2024-11-09 00:00:00
757,757,1942,2024-11-28 00:00:00
758,758,1387,2023-07-25 00:00:00
759,759,262,2024-09-28 00:00:00
760,760,371,2023-04-12 00:00:00
761,761,1678,2026-04-20 00:00:00
762,762,1704,2026-03-20 00:00:00
763,763,1072,2024-07-06 00:00:00
764,764,153,2024-02-25 00:00:00
765,765,23,2026-06-14 00:00:00
766,766,620,2024-07-02 00:00:00
767,767,1319,2025-09-27 00:00:00
768,768,948,2025-11-04 00:00:00
769,769,1624,2026-07-21 00:00:00
770,770,791,2024-02-08 00:00:00
771,771,1363,2026-06-22 00:00:00
772,772,577,2025-04-18 00:00:00
773,773,1313,2023-08-25 00:00:00
774,774,1400,2025-07-08 00:00:00
775,775,1185,2024-12-05 00:00:00
776,776,597,2023-07-27 00:00:00
777,777,1688,2024-09-17 00:00:00
778,778,89,2023-01-21 00:00:00
779,779,665,2025-10-03 00:00:00
780,780,1627,2026-06-12 00:00:00
781,781,1172,2023-02-06 00:00:00
782,782,1524,2024-10-19 00:00:00
783,783,101,2025-05-08 00:00:00
784,784,1213,2023-05-20 00:00:00
785,785,873,2024-11-09 00:00:00
786,786,1342,2024-05-16 00:00:00
787,787,1898,2026-10-22 00:00:00
788,788,315,2025-06-09 00:00:00
789,789,315,2026-05-02 00:00:00
790,790,1572,2023-01-04 00:00:00
791,791,1541,2024-02-17 00:00:00
792,792,823,2026-11-07 00:00:00
793,793,730,2025-11-22 00:00:00
794,794,485,2023-01-24 00:00:00
795,795,1812,2026-02-15 00:00:00
796,796,396,2026-10-08 00:00:00
797,797,852,2024-12-07 00:00:00
798,798,420,2026-01-13 00:00:00
799,799,1873,2025-08-14 00:00:00
800,800,968,2026-06-15 00:00:00
801,801,1960,2025-02-22 00:00:00
802,802,1779,2025-05-06 00:00:00
803,803,469,2025-12-26 00:00:00
804,804,426,2023-04-08 00:00:00
805,805,1912,2025-08-03 00:00:00
806,806,1625,2023-05-11 00:00:00
807,807,1227,2026-06-19 00:00:00
808,808,640,2026-02-22 00:00:00
809,809,1337,2024-07-06 00:00:00
810,810,1851,2025-05-02 00:00:00
811,811,1802,2025-01-01 00:00:00
812,812,359,2023-03-31 00:00:00
813,813,1203,2024-09-02 00:00:00
814,814,1485,2023-08-01 00:00:00
815,815,1688,2023-08-23 00:00:00
816,816,1301,2023-01-14 00:00:00
817,817,1347,2023-08-19 00:00:00
818,818,1039,2026-10-04 00:00:00
819,819,1077,2024-06-20 00:00:00
820,820,774,2024-12-05 00:00:00
821,821,1583,2025-04-07 00:00:00
822,822,1788,2026-10-04 00:00:00
823,823,764,2024-10-16 00:00:00
824,824,258,2024-02-05 00:00:00
825,825,1723,2024-11-19 00:00:00
826,826,856,2025-03-14 00:00:00
827,827,1955,2026-12-01 00:00:00
828,828,1822,2024-03-06 00:00:00
829,829,1564,2026-08-22 00:00:00
830,830,1497,2024-06-01 00:00:00
831,831,701,2023-11-09 00:00:00
832,832,1134,2023-05-01 00:00:00
833,833,167,2024-08-18 00:00:00
834,834,654,2023-03-01 00:00:00
835,835,445,2026-10-05 00:00:00
836,836,99,2025-08-28 00:00:00
837,837,1904,2024-03-15 00:00:00
838,838,1681,2025-06-19 00:00:00
839,839,114,2024-07-06 00:00:00
840,840,734,2025-04-25 00:00:00
841,841,48,2026-11-08 00:00:00
842,842,1663,2023-09-12 00:00:00
843,843,479,2024-08-11 00:00:00
844,844,967,2023-09-14 00:00:00
845,845,1079,2026-06-16 00:00:00
846,846,408,2024-07-14 00:00:00
847,847,959,2025-07-23 00:00:00
848,848,734,2026-03-21 00:00:00
849,849,1137,2023-05-11 00:00:00
850,850,1951,2025-11-03 00:00:00
851,851,1457,2023-12-14 00:00:00
852,852,791,2026-04-09 00:00:00
853,853,1848,2026-06-24 00:00:00
854,854,718,2024-06-21 00:00:00
855,855,1067,2026-12-05 00:00:00
856,856,1975,2025-05-11 00:00:00
857,857,1702,2025-02-16 00:00:00
858,858,1349,2025-01-19 00:00:00
859,859,1942,2025-06-20 00:00:00
860,860,1322,2025-03-09 00:00:00
861,861,172,2023-08-19 00:00:00
862,862,1986,2025-01-25 00:00:00
863,863,1437,2026-08-08 00:00:00
864,864,1753,2025-02-21 00:00:00
865,865,1836,2023-12-02 00:00:00
866,866,1274,2024-11-15 00:00:00
867,867,1728,2025-08-13 00:00:00
868,868,826,2026-10-01 00:00:00
869,869,1556,2024-06-26 00:00:00
870,870,470,2026-02-21 00:00:00
871,871,412,2026-07-08 00:00:00
872,872,312,2023-11-01 00:00:00
873,873,318,2024-10-03 00:00:00
874,874,1419,2025-07-01 00:00:00
875,875,267,2025-04-15 00:00:00
876,876,998,2025-07-08 00:00:00
877,877,1108,2026-01-18 00:00:00
878,878,1300,2024-08-18 00:00:00
879,879,291,2025-06-15 00:00:00
880,880,17,2023-07-18 00:00:00
881,881,1124,2026-01-16 00:00:00
882,882,1925,2026-06-09 00:00:00
883,883,256,2026-12-15 00:00:00
884,884,123,2026-07-11 00:00:00
885,885,1309,2026-12-03 00:00:00
886,886,513,2026-06-04 00:00:00
887,887,257,2025-06-12 00:00:00
888,888,684,2025-12-01 00:00:00
889,889,187,2024-10-21 00:00:00
890,890,956,2024-04-13 00:00:00
891,891,1276,2025-06-23 00:00:00
892,892,1268,2024-02-02 00:00:00
893,893,1534,2023-06-01 00:00:00
894,894,904,2024-06-05 00:00:00
895,895,253,2026-07-29 00:00:00
896,896,812,2026-08-05 00:00:00
897,897,561,2023-07-17 00:00:00
898,898,69,2023-01-21 00:00:00
899,899,1363,2024-07-21 00:00:00
900,900,823,2026-09-21 00:00:00
901,901,1003,2026-08-25 00:00:00
902,902,1522,2025-04-03 00:00:00
903,903,683,2023-07-12 00:00:00
904,904,148,2026-12-12 00:00:00
905,905,1205,2025-03-26 00:00:00
906,906,925,2023-07-18 00:00:00
907,907,1433,2024-06-04 00:00:00
908,908,1799,2026-06-16 00:00:00
909,909,253,2025-02-06 00:00:00
910,910,1678,2025-01-06 00:00:00
911,911,1850,2024-03-27 00:00:00
912,912,1668,2025-06-23 00:00:00
913,913,69,2026-09-15 00:00:00
914,914,171,2026-06-29 00:00:00
915,915,1624,2025-10-05 00:00:00
916,916,1647,2026-06-22 00:00:00
917,917,1999,2023-07-04 00:00:00
918,918,1626,2025-08-08 00:00:00
919,919,302,2024-05-26 00:00:00
920,920,1956,2024-10-17 00:00:00
921,921,1341,2025-03-28 00:00:00
922,922,1821,2026-10-11 00:00:00
923,923,1288,2025-09-19 00:00:00
924,924,120,2025-07-01 00:00:00
925,925,564,2023-05-10 00:00:00
926,926,846,2026-11-23 00:00:00
927,927,877,2025-03-17 00:00:00
928,928,725,2026-06-17 00:00:00
929,929,847,2023-04-10 00:00:00
930,930,1859,2024-07-27 00:00:00
931,931,406,2026-11-24 00:00:00
932,932,1447,2024-11-04 00:00:00
933,933,1352,2023-10-22 00:00:00
934,934,880,2025-05-24 00:00:00
935,935,827,2026-06-06 00:00:00
936,936,4,2024-07-16 00:00:00
937,937,1189,2025-01-05 00:00:00
938,938,1064,2026-07-31 00:00:00
939,939,580,2025-05-02 00:00:00
940,940,1136,2024-04-13 00:00:00
941,941,789,2025-12-09 00:00:00
942,942,72,2024-03-16 00:00:00
943,943,1112,2026-10-13 00:00:00
944,944,91,2024-03-11 00:00:00
945,945,107,2024-09-15 00:00:00
946,946,1850,2025-08-04 00:00:00
947,947,1701,2024-11-22 00:00:00
948,948,483,2023-08-01 00:00:00
949,949,1124,2023-05-13 00:00:00
950,950,836,2024-12-29 00:00:00
951,951,983,2026-02-25 00:00:00
952,952,457,2024-03-17 00:00:00
953,953,1304,2025-04-21 00:00:00
954,954,784,2023-10-22 00:00:00
955,955,410,2024-05-02 00:00:00
956,956,67,2026-09-11 00:00:00
957,957,707,2025-06-17 00:00:00
958,958,1285,2026-09-15 00:00:00
959,959,131,2025-02-19 00:00:00
960,960,62,2024-10-19 00:00:00
961,961,1228,2025-11-05 00:00:00
962,962,181,2024-08-06 00:00:00
963,963,43,2023-03-28 00:00:00
964,964,17,2026-07-05 00:00:00
965,965,1109,2025-05-09 00:00:00
966,966,1189,2026-08-15 00:00:00
967,967,635,2023-08-12 00:00:00
968,968,1642,2023-04-22 00:00:00
969,969,601,2026-02-19 00:00:00
970,970,1629,2024-10-13 00:00:00
971,971,755,2025-06-17 00:00:00
972,972,1190,2023-04-03 00:00:00
973,973,1591,2025-04-18 00:00:00
974,974,990,2023-01-10 00:00:00
975,975,614,2026-09-09 00:00:00
976,976,851,2023-11-28 00:00:00
977,977,1836,2026-12-16 00:00:00
978,978,1735,2024-01-31 00:00:00
979,979,471,2025-05-08 00:00:00
980,980,210,2025-04-21 00:00:00
981,981,749,2023-07-01 00:00:00
982,982,1,2023-05-31 00:00:00
983,983,274,2025-03-24 00:00:00
984,984,1208,2025-08-06 00:00:00
985,985,1523,2023-04-08 00:00:00
986,986,948,2025-08-09 00:00:00
987,987,174,2023-02-27 00:00:00
988,988,598,2026-04-25 00:00:00
989,989,717,2025-01-12 00:00:00
990,990,1343,2024-03-13 00:00:00
991,991,1145,2023-01-05 00:00:00
992,992,1301,2025-11-17 00:00:00
993,993,439,2026-05-25 00:00:00
994,994,182,2024-08-29 00:00:00
995,995,1621,2026-12-23 00:00:00
996,996,1022,2026-12-20 00:00:00
997,997,413,2025-05-18 00:00:00
998,998,1922,2024-11-21 00:00:00
999,999,1440,2023-04-23 00:00:00
1000,1000,218,2025-03-05 00:00:00
1001,1001,142,2025-05-07 00:00:00
1002,1002,1160,2024-08-04 00:00:00
1003,1003,1224,2025-02-04 00:00:00
1004,1004,647,2026-12-08 00:00:00
1005,1005,1275,2023-02-15 00:00:00
1006,1006,1813,2024-12-11 00:00:00
1007,1007,1306,2023-12-07 00:00:00
1008,1008,1061,2025-04-25 00:00:00
1009,1009,1197,2024-09-15 00:00:00
1010,1010,5,2024-05-09 00:00:00
1011,1011,1984,2024-03-31 00:00:00
1012,1012,1337,2026-04-30 00:00:00
1013,1013,1658,2023-01-04 00:00:00
1014,1014,179,2026-12-14 00:00:00
1015,1015,1048,2024-10-25 00:00:00
1016,1016,27,2023-03-09 00:00:00
1017,1017,1489,2024-06-07 00:00:00
1018,1018,1383,2023-04-18 00:00:00
1019,1019,104,2025-12-21 00:00:00
1020,1020,1705,2024-12-27 00:00:00
1021,1021,211,2025-06-29 00:00:00
1022,1022,1461,2026-08-05 00:00:00
1023,1023,263,2025-12-29 00:00:00
1024,1024,1908,2026-02-15 00:00:00
1025,1025,919,2025-08-18 00:00:00
1026,1026,323,2026-03-29 00:00:00
1027,1027,751,2026-01-07 00:00:00
1028,1028,1199,2023-10-01 00:00:00
1029,1029,183,2026-10-08 00:00:00
1030,1030,1176,2023-09-19 00:00:00
1031,1031,1417,2025-10-21 00:00:00
1032,1032,1675,2026-07-26 00:00:00
1033,1033,945,2023-04-08 00:00:00
1034,1034,197,2025-07-08 00:00:00
1035,1035,180,2025-01-11 00:00:00
1036,1036,296,2025-09-07 00:00:00
1037,1037,1329,2023-04-24 00:00:00
1038,1038,258,2024-07-11 00:00:00
1039,1039,1104,2024-05-06 00:00:00
1040,1040,213,2024-08-04 00:00:00
1041,1041,196,2023-12-12 00:00:00
1042,1042,1660,2024-12-21 00:00:00
1043,1043,1211,2024-06-20 00:00:00
1044,1044,41,2024-10-26 00:00:00
1045,1045,986,2023-08-21 00:00:00
1046,1046,60,2023-12-17 00:00:00
1047,1047,678,2026-09-15 00:00:00
1048,1048,979,2025-08-18 00:00:00
1049,1049,277,2023-02-06 00:00:00
1050,1050,43,2024-08-28 00:00:00
1051,1051,1887,2023-06-15 00:00:00
1052,1052,848,2024-03-31 00:00:00
1053,1053,64,2023-03-01 00:00:00
1054,1054,697,2025-10-28 00:00:00
1055,1055,1812,2023-11-28 00:00:00
1056,1056,737,2026-03-03 00:00:00
1057,1057,1290,2023-05-25 00:00:00
1058,1058,7,2026-02-06 00:00:00
1059,1059,1925,2026-11-23 00:00:00
1060,1060,351,2025-01-14 00:00:00
1061,1061,1141,2024-12-01 00:00:00
1062,1062,1159,2026-01-31 00:00:00
1063,1063,222,2024-11-19 00:00:00
1064,1064,1256,2026-08-27 00:00:00
1065,1065,1871,2025-03-11 00:00:00
1066,1066,1518,2023-02-01 00:00:00
1067,1067,180,2024-02-06 00:00:00
1068,1068,1449,2023-06-01 00:00:00
1069,1069,1075,2024-02-18 00:00:00
1070,1070,1116,2026-04-11 00:00:00
1071,1071,1637,2026-02-20 00:00:00
1072,1072,1712,2023-09-13 00:00:00
1073,1073,1961,2025-10-11 00:00:00
1074,1074,1746,2025-04-30 00:00:00
1075,1075,1981,2023-02-21 00:00:00
1076,1076,61,2023-02-27 00:00:00
1077,1077,1603,2025-03-31 00:00:00
1078,1078,185,2024-06-13 00:00:00
1079,1079,677,2023-08-21 00:00:00
1080,1080,1412,2024-02-26 00:00:00
1081,1081,241,2026-01-29 00:00:00
1082,1082,1285,2024-03-15 00:00:00
1083,1083,1530,2023-12-02 00:00:00
1084,1084,1203,2023-01-15 00:00:00
1085,1085,1181,2025-08-24 00:00:00
1086,1086,255,2024-07-10 00:00:00
1087,1087,948,2025-02-22 00:00:00
1088,1088,988,2026-11-25 00:00:00
1089,1089,1173,2025-05-07 00:00:00
1090,1090,1981,2024-12-03 00:00:00
1091,1091,162,2024-06-27 00:00:00
1092,1092,1970,2023-12-23 00:00:00
1093,1093,1969,2026-05-17 00:00:00
1094,1094,1426,2025-06-27 00:00:00
1095,1095,865,2025-01-13 00:00:00
1096,1096,1234,2026-08-14 00:00:00
1097,1097,303,2024-04-25 00:00:00
1098,1098,792,2023-10-28 00:00:00
1099,1099,1246,2024-09-16 00:00:00
1100,1100,1480,2024-04-18 00:00:00
1101,1101,953,2023-01-21 00:00:00
1102,1102,937,2023-05-25 00:00:00
1103,1103,842,2023-08-02 00:00:00
1104,1104,590,2025-08-21 00:00:00
1105,1105,1351,2025-03-12 00:00:00
1106,1106,1816,2024-12-29 00:00:00
1107,1107,1658,2025-07-06 00:00:00
1108,1108,1811,2025-05-26 00:00:00
1109,1109,391,2024-09-15 00:00:00
1110,1110,1404,2023-01-23 00:00:00
1111,1111,1872,2025-09-10 00:00:00
1112,1112,1011,2024-04-25 00:00:00
1113,1113,89,2026-07-01 00:00:00
1114,1114,1680,2026-05-21 00:00:00
1115,1115,456,2025-09-03 00:00:00
1116,1116,435,2024-12-08 00:00:00
1117,1117,1550,2023-02-24 00:00:00
1118,1118,283,2025-05-17 00:00:00
1119,1119,809,2025-06-10 00:00:00
1120,1120,336,2026-02-07 00:00:00
1121,1121,1786,2024-03-12 00:00:00
1122,1122,566,2026-02-17 00:00:00
1123,1123,744,2025-11-04 00:00:00
1124,1124,8,2023-12-19 00:00:00
1125,1125,867,2023-08-11 00:00:00
1126,1126,363,2024-06-01 00:00:00
1127,1127,755,2024-06-28 00:00:00
1128,1128,681,2024-03-19 00:00:00
1129,1129,705,2025-10-13 00:00:00
1130,1130,1410,2024-07-08 00:00:00
1131,1131,1303,2025-02-18 00:00:00
1132,1132,1771,2026-12-16 00:00:00
1133,1133,543,2024-06-21 00:00:00
1134,1134,1428,2024-10-10 00:00:00
1135,1135,1605,2025-01-09 00:00:00
1136,1136,1771,2026-10-11 00:00:00
1137,1137,445,2026-03-16 00:00:00
1138,1138,1834,2024-12-12 00:00:00
1139,1139,1395,2024-02-17 00:00:00
1140,1140,757,2025-05-22 00:00:00
1141,1141,1689,2025-08-18 00:00:00
1142,1142,1119,2025-06-23 00:00:00
1143,1143,1948,2026-03-20 00:00:00
1144,1144,1673,2025-10-20 00:00:00
1145,1145,698,2026-06-14 00:00:00
1146,1146,367,2025-05-24 00:00:00
1147,1147,1892,2025-11-18 00:00:00
1148,1148,1415,2023-01-29 00:00:00
1149,1149,1208,2024-10-15 00:00:00
1150,1150,365,2026-01-12 00:00:00
1151,1151,951,2026-07-29 00:00:00
1152,1152,658,2024-12-29 00:00:00
1153,1153,40,2026-03-14 00:00:00
1154,1154,13,2023-06-02 00:00:00
1155,1155,780,2023-12-18 00:00:00
1156,1156,954,2026-10-03 00:00:00
1157,1157,1047,2024-07-07 00:00:00
1158,1158,610,2024-07-17 00:00:00
1159,1159,1381,2026-08-27 00:00:00
1160,1160,1946,2026-06-15 00:00:00
1161,1161,195,2025-04-09 00:00:00
1162,1162,1440,2025-01-06 00:00:00
1163,1163,1885,2023-04-21 00:00:00
1164,1164,960,2026-08-29 00:00:00
1165,1165,909,2026-06-30 00:00:00
1166,1166,243,2024-01-17 00:00:00
1167,1167,331,2023-11-23 00:00:00
1168,1168,844,2026-10-05 00:00:00
1169,1169,208,2026-03-14 00:00:00
1170,1170,1875,2026-01-02 00:00:00
1171,1171,1408,2026-06-13 00:00:00
1172,1172,454,2026-10-20 00:00:00
1173,1173,1180,2026-08-14 00:00:00
1174,1174,910,2025-02-25 00:00:00
1175,1175,1587,2025-06-12 00:00:00
1176,1176,1425,2023-02-06 00:00:00
1177,1177,828,2023-01-13 00:00:00
1178,1178,378,2024-11-05 00:00:00
1179,1179,1178,2026-12-16 00:00:00
1180,1180,527,2026-03-22 00:00:00
1181,1181,163,2026-09-07 00:00:00
1182,1182,95,2026-07-23 00:00:00
1183,1183,1292,2025-09-04 00:00:00
1184,1184,512,2024-05-15 00:00:00
1185,1185,340,2023-09-24 00:00:00
1186,1186,152,2026-08-08 00:00:00
1187,1187,1667,2025-09-21 00:00:00
1188,1188,1852,2026-07-11 00:00:00
1189,1189,898,2023-11-07 00:00:00
1190,1190,47,2023-11-08 00:00:00
1191,1191,1846,2024-10-30 00:00:00
1192,1192,1503,2025-03-06 00:00:00
1193,1193,428,2023-04-05 00:00:00
1194,1194,1817,2023-04-26 00:00:00
1195,1195,1508,2024-05-13 00:00:00
1196,1196,33,2026-08-04 00:00:00
1197,1197,1791,2024-12-21 00:00:00
1198,1198,1412,2024-04-06 00:00:00
1199,1199,359,2024-07-24 00:00:00
1200,1200,1512,2025-09-14 00:00:00
1201,1201,1626,2025-09-18 00:00:00
1202,1202,364,2026-02-02 00:00:00
1203,1203,1894,2026-09-11 00:00:00
1204,1204,1022,2025-07-15 00:00:00
1205,1205,874,2024-03-05 00:00:00
1206,1206,1165,2024-07-17 00:00:00
1207,1207,502,2025-08-27 00:00:00
1208,1208,1928,2025-03-24 00:00:00
1209,1209,1226,2023-02-11 00:00:00
1210,1210,1073,2024-02-05 00:00:00
1211,1211,574,2026-06-30 00:00:00
1212,1212,1918,2024-01-23 00:00:00
1213,1213,1208,2025-08-27 00:00:00
1214,1214,1541,2025-12-04 00:00:00
1215,1215,36,2025-04-11 00:00:00
1216,1216,1726,2024-04-22 00:00:00
1217,1217,218,2025-10-18 00:00:00
1218,1218,769,2025-05-02 00:00:00
1219,1219,1377,2024-07-02 00:00:00
1220,1220,367,2025-01-22 00:00:00
1221,1221,301,2026-10-18 00:00:00
1222,1222,1954,2026-06-19 00:00:00
1223,1223,1199,2025-11-28 00:00:00
1224,1224,154,2025-11-07 00:00:00
1225,1225,1421,2026-05-16 00:00:00
1226,1226,1791,2024-12-05 00:00:00
1227,1227,1162,2026-04-02 00:00:00
1228,1228,291,2024-07-14 00:00:00
1229,1229,236,2026-01-21 00:00:00
1230,1230,541,2025-04-16 00:00:00
1231,1231,628,2026-01-17 00:00:00
1232,1232,632,2023-09-09 00:00:00
1233,1233,810,2023-12-05 00:00:00
1234,1234,971,2024-10-25 00:00:00
1235,1235,1039,2024-11-27 00:00:00
1236,1236,525,2026-01-02 00:00:00
1237,1237,1982,2026-11-22 00:00:00
1238,1238,1048,2026-04-18 00:00:00
1239,1239,923,2023-12-14 00:00:00
1240,1240,721,2024-03-18 00:00:00
1241,1241,395,2024-05-24 00:00:00
1242,1242,650,2026-12-09 00:00:00
1243,1243,926,2026-04-19 00:00:00
1244,1244,327,2025-02-09 00:00:00
1245,1245,1834,2026-07-07 00:00:00
1246,1246,495,2023-01-10 00:00:00
1247,1247,451,2023-10-08 00:00:00
1248,1248,1975,2025-01-07 00:00:00
1249,1249,1824,2026-07-03 00:00:00
1250,1250,1513,2024-09-08 00:00:00
1251,1251,887,2026-01-19 00:00:00
1252,1252,382,2023-01-01 00:00:00
1253,1253,1814,2023-11-05 00:00:00
1254,1254,924,2025-06-08 00:00:00
1255,1255,215,2026-12-02 00:00:00
1256,1256,1478,2025-06-14 00:00:00
1257,1257,1526,2026-09-26 00:00:00
1258,1258,796,2026-08-16 00:00:00
1259,1259,624,2024-07-22 00:00:00
1260,1260,132,2024-09-15 00:00:00
1261,1261,420,2023-01-07 00:00:00
1262,1262,1673,2025-06-26 00:00:00
1263,1263,1044,2023-10-22 00:00:00
1264,1264,1646,2025-07-24 00:00:00
1265,1265,1009,2024-12-31 00:00:00
1266,1266,1261,2026-10-26 00:00:00
1267,1267,1183,2026-09-07 00:00:00
1268,1268,1423,2023-10-02 00:00:00
1269,1269,617,2026-05-26 00:00:00
1270,1270,863,2024-01-12 00:00:00
1271,1271,567,2025-06-22 00:00:00
1272,1272,17,2026-11-08 00:00:00
1273,1273,1418,2024-03-11 00:00:00
1274,1274,1196,2024-04-18 00:00:00
1275,1275,145,2026-12-21 00:00:00
1276,1276,1216,2024-01-16 00:00:00
1277,1277,1531,2024-03-25 00:00:00
1278,1278,655,2024-08-16 00:00:00
1279,1279,1307,2026-10-10 00:00:00
1280,1280,1390,2026-05-27 00:00:00
1281,1281,658,2023-01-29 00:00:00
1282,1282,1614,2025-06-17 00:00:00
1283,1283,128,2023-02-12 00:00:00
1284,1284,498,2025-10-05 00:00:00
1285,1285,112,2024-07-15 00:00:00
1286,1286,782,2023-07-18 00:00:00
1287,1287,1428,2026-05-04 00:00:00
1288,1288,599,2024-12-23 00:00:00
1289,1289,1417,2026-02-08 00:00:00
1290,1290,271,2026-08-05 00:00:00
1291,1291,627,2026-09-23 00:00:00
1292,1292,1631,2025-12-02 00:00:00
1293,1293,642,2026-08-17 00:00:00
1294,1294,610,2026-02-17 00:00:00
1295,1295,1328,2024-02-09 00:00:00
1296,1296,1003,2023-04-21 00:00:00
1297,1297,1712,2026-07-29 00:00:00
1298,1298,1540,2026-11-24 00:00:00
1299,1299,1289,2023-08-27 00:00:00
1300,1300,222,2026-03-10 00:00:00
1301,1301,1303,2026-09-26 00:00:00
1302,1302,377,2023-12-02 00:00:00
1303,1303,1000,2024-09-04 00:00:00
1304,1304,1973,2026-06-06 00:00:00
1305,1305,1149,2024-08-18 00:00:00
1306,1306,390,2026-08-20 00:00:00
1307,1307,1284,2025-10-30 00:00:00
1308,1308,1640,2025-11-03 00:00:00
1309,1309,1234,2023-12-29 00:00:00
1310,1310,1853,2026-01-03 00:00:00
1311,1311,283,2023-07-23 00:00:00
1312,1312,612,2025-11-16 00:00:00
1313,1313,545,2026-08-10 00:00:00
1314,1314,367,2026-12-18 00:00:00
1315,1315,522,2025-02-05 00:00:00
1316,1316,1478,2023-02-24 00:00:00
1317,1317,1126,2025-08-16 00:00:00
1318,1318,601,2026-02-06 00:00:00
1319,1319,565,2024-01-17 00:00:00
1320,1320,188,2023-04-14 00:00:00
1321,1321,516,2026-08-10 00:00:00
1322,1322,1870,2023-04-17 00:00:00
1323,1323,1885,2024-05-30 00:00:00
1324,1324,948,2026-05-25 00:00:00
1325,1325,425,2023-08-08 00:00:00
1326,1326,1960,2025-09-04 00:00:00
1327,1327,1438,2023-04-26 00:00:00
1328,1328,1214,2024-09-20 00:00:00
1329,1329,1171,2026-09-26 00:00:00
1330,1330,591,2024-02-07 00:00:00
1331,1331,1241,2026-12-26 00:00:00
1332,1332,265,2025-09-07 00:00:00
1333,1333,277,2026-03-25 00:00:00
1334,1334,872,2023-08-17 00:00:00
1335,1335,1511,2024-03-28 00:00:00
1336,1336,1604,2025-11-03 00:00:00
1337,1337,146,2024-02-11 00:00:00
1338,1338,1374,2024-03-07 00:00:00
1339,1339,1732,2024-11-15 00:00:00
1340,1340,686,2025-02-12 00:00:00
1341,1341,760,2024-11-24 00:00:00
1342,1342,68,2025-04-12 00:00:00
1343,1343,799,2024-10-20 00:00:00
1344,1344,1038,2026-05-28 00:00:00
1345,1345,1862,2026-10-21 00:00:00
1346,1346,1860,2026-01-01 00:00:00
1347,1347,169,2026-12-26 00:00:00
1348,1348,310,2026-01-10 00:00:00
1349,1349,1996,2025-04-04 00:00:00
1350,1350,1083,2026-11-10 00:00:00
1351,1351,935,2024-04-05 00:00:00
1352,1352,268,2023-10-12 00:00:00
1353,1353,1895,2026-06-02 00:00:00
1354,1354,1692,2024-02-22 00:00:00
1355,1355,620,2025-02-27 00:00:00
1356,1356,374,2024-08-19 00:00:00
1357,1357,1523,2023-09-18 00:00:00
1358,1358,843,2024-10-29 00:00:00
1359,1359,593,2024-01-16 00:00:00
1360,1360,1702,2025-07-07 00:00:00
1361,1361,1053,2023-04-13 00:00:00
1362,1362,958,2023-02-11 00:00:00
1363,1363,1517,2023-07-29 00:00:00
1364,1364,1483,2024-01-30 00:00:00
1365,1365,1884,2025-10-23 00:00:00
1366,1366,1675,2023-10-16 00:00:00
1367,1367,1607,2025-05-06 00:00:00
1368,1368,1754,2023-06-07 00:00:00
1369,1369,831,2023-02-28 00:00:00
1370,1370,156,2024-08-22 00:00:00
1371,1371,640,2025-04-22 00:00:00
1372,1372,1026,2026-04-05 00:00:00
1373,1373,1275,2023-04-09 00:00:00
1374,1374,1306,2025-04-09 00:00:00
1375,1375,1070,2026-10-30 00:00:00
1376,1376,1310,2025-04-02 00:00:00
1377,1377,127,2026-11-14 00:00:00
1378,1378,1740,2023-02-10 00:00:00
1379,1379,1036,2023-02-01 00:00:00
1380,1380,822,2026-06-10 00:00:00
1381,1381,741,2023-08-13 00:00:00
1382,1382,709,2024-09-25 00:00:00
1383,1383,1132,2023-04-15 00:00:00
1384,1384,1389,2025-09-10 00:00:00
1385,1385,1751,2023-05-18 00:00:00
1386,1386,1306,2024-01-16 00:00:00
1387,1387,1432,2023-12-18 00:00:00
1388,1388,68,2023-11-21 00:00:00
1389,1389,1764,2025-02-27 00:00:00
1390,1390,1301,2024-02-15 00:00:00
1391,1391,547,2026-09-25 00:00:00
1392,1392,1842,2024-05-13 00:00:00
1393,1393,1264,2023-11-25 00:00:00
1394,1394,326,2023-04-28 00:00:00
1395,1395,1430,2025-07-21 00:00:00
1396,1396,543,2025-08-16 00:00:00
1397,1397,1996,2025-07-23 00:00:00
1398,1398,1262,2026-09-20 00:00:00
1399,1399,1944,2025-04-06 00:00:00
1400,1400,1676,2024-08-24 00:00:00
1401,1401,1205,2024-10-10 00:00:00
1402,1402,283,2023-04-30 00:00:00
1403,1403,341,2024-06-30 00:00:00
1404,1404,1897,2024-03-16 00:00:00
1405,1405,409,2026-12-11 00:00:00
1406,1406,1127,2025-05-02 00:00:00
1407,1407,118,2026-04-15 00:00:00
1408,1408,895,2023-12-18 00:00:00
1409,1409,944,2025-03-06 00:00:00
1410,1410,620,2026-11-01 00:00:00
1411,1411,369,2026-05-09 00:00:00
1412,1412,420,2025-06-10 00:00:00
1413,1413,1223,2025-08-20 00:00:00
1414,1414,1661,2023-03-31 00:00:00
1415,1415,1993,2025-01-26 00:00:00
1416,1416,1374,2023-04-23 00:00:00
1417,1417,1590,2026-11-25 00:00:00
1418,1418,1998,2026-07-12 00:00:00
1419,1419,537,2023-10-15 00:00:00
1420,1420,522,2026-11-10 00:00:00
1421,1421,1855,2024-10-06 00:00:00
1422,1422,180,2026-04-27 00:00:00
1423,1423,352,2024-02-17 00:00:00
1424,1424,1988,2024-01-08 00:00:00
1425,1425,666,2024-03-24 00:00:00
1426,1426,1429,2025-12-20 00:00:00
1427,1427,1604,2023-04-20 00:00:00
1428,1428,1376,2025-12-25 00:00:00
1429,1429,611,2025-12-19 00:00:00
1430,1430,270,2023-12-15 00:00:00
1431,1431,1167,2025-09-02 00:00:00
1432,1432,1155,2023-02-06 00:00:00
1433,1433,279,2024-11-25 00:00:00
1434,1434,1273,2026-06-30 00:00:00
1435,1435,1542,2023-09-21 00:00:00
1436,1436,1628,2024-01-01 00:00:00
1437,1437,1475,2025-10-08 00:00:00
1438,1438,161,2023-06-05 00:00:00
1439,1439,1939,2023-06-15 00:00:00
1440,1440,1390,2023-05-26 00:00:00
1441,1441,1614,2023-03-18 00:00:00
1442,1442,1871,2026-12-23 00:00:00
1443,1443,1127,2025-09-22 00:00:00
1444,1444,1029,2023-04-29 00:00:00
1445,1445,1664,2025-04-16 00:00:00
1446,1446,212,2025-08-29 00:00:00
1447,1447,938,2023-05-07 00:00:00
1448,1448,397,2026-12-07 00:00:00
1449,1449,354,2024-01-25 00:00:00
1450,1450,1832,2025-01-21 00:00:00
1451,1451,151,2024-02-04 00:00:00
1452,1452,193,2025-09-16 00:00:00
1453,1453,1294,2024-08-28 00:00:00
1454,1454,1070,2023-10-17 00:00:00
1455,1455,188,2026-08-12 00:00:00
1456,1456,435,2023-07-22 00:00:00
1457,1457,1096,2026-10-29 00:00:00
1458,1458,1316,2024-11-19 00:00:00
1459,1459,556,2024-01-21 00:00:00
1460,1460,468,2023-12-04 00:00:00
1461,1461,1353,2024-05-29 00:00:00
1462,1462,1595,2024-11-25 00:00:00
1463,1463,1164,2024-07-31 00:00:00
1464,1464,1281,2023-09-09 00:00:00
1465,1465,1409,2023-08-25 00:00:00
1466,1466,1693,2024-12-19 00:00:00
1467,1467,1325,2026-09-16 00:00:00
1468,1468,1490,2026-03-04 00:00:00
1469,1469,1034,2026-01-27 00:00:00
1470,1470,35,2023-01-01 00:00:00
1471,1471,185,2023-03-12 00:00:00
1472,1472,677,2023-02-12 00:00:00
1473,1473,233,2025-02-22 00:00:00
1474,1474,1124,2026-04-16 00:00:00
1475,1475,57,2025-10-19 00:00:00
1476,1476,511,2026-05-14 00:00:00
1477,1477,338,2025-01-22 00:00:00
1478,1478,1271,2024-01-09 00:00:00
1479,1479,1044,2024-11-05 00:00:00
1480,1480,1272,2025-02-05 00:00:00
1481,1481,1098,2025-03-31 00:00:00
1482,1482,1265,2025-07-27 00:00:00
1483,1483,943,2026-12-02 00:00:00
1484,1484,884,2026-10-28 00:00:00
1485,1485,1265,2024-04-20 00:00:00
1486,1486,1401,2025-05-07 00:00:00
1487,1487,1665,2025-02-13 00:00:00
1488,1488,1931,2025-01-05 00:00:00
1489,1489,1402,2025-04-08 00:00:00
1490,1490,811,2023-04-04 00:00:00
1491,1491,181,2024-11-28 00:00:00
1492,1492,538,2024-01-20 00:00:00
1493,1493,122,2024-11-30 00:00:00
1494,1494,1062,2023-02-08 00:00:00
1495,1495,1558,2023-12-13 00:00:00
1496,1496,1927,2024-11-25 00:00:00
1497,1497,1176,2026-01-17 00:00:00
1498,1498,1728,2024-08-11 00:00:00
1499,1499,1323,2023-10-31 00:00:00
1500,1500,1326,2023-06-30 00:00:00
